rowIndex,country_region_code,country_region,date,retail_and_recreation_percent_change_from_baseline,grocery_and_pharmacy_percent_change_from_baseline,parks_percent_change_from_baseline,transit_stations_percent_change_from_baseline,workplaces_percent_change_from_baseline,residential_percent_change_from_baseline
0,CA,Canada,2020-02-15,4.0,2.0,10.0,3.0,1.0,0.0
1,CA,Canada,2020-02-16,13.0,8.0,41.0,4.0,0.0,-2.0
2,CA,Canada,2020-02-17,-12.0,-15.0,63.0,-28.0,-52.0,11.0
3,CA,Canada,2020-02-18,-1.0,4.0,6.0,-1.0,-1.0,1.0
4,CA,Canada,2020-02-19,1.0,1.0,9.0,0.0,0.0,0.0
5,CA,Canada,2020-02-20,6.0,4.0,14.0,-1.0,1.0,0.0
6,CA,Canada,2020-02-21,2.0,-1.0,10.0,-1.0,-3.0,1.0
7,CA,Canada,2020-02-22,8.0,5.0,28.0,6.0,6.0,-1.0
8,CA,Canada,2020-02-23,10.0,6.0,36.0,5.0,5.0,-1.0
9,CA,Canada,2020-02-24,3.0,2.0,19.0,-1.0,3.0,0.0
10,CA,Canada,2020-02-25,2.0,5.0,9.0,0.0,3.0,0.0
11,CA,Canada,2020-02-26,-2.0,2.0,1.0,-2.0,1.0,1.0
12,CA,Canada,2020-02-27,-8.0,-9.0,-6.0,-5.0,-5.0,4.0
13,CA,Canada,2020-02-28,-1.0,1.0,-5.0,1.0,0.0,1.0
14,CA,Canada,2020-02-29,7.0,7.0,11.0,6.0,7.0,0.0
15,CA,Canada,2020-03-01,10.0,9.0,23.0,6.0,5.0,-1.0
16,CA,Canada,2020-03-02,3.0,3.0,1.0,-2.0,-1.0,1.0
17,CA,Canada,2020-03-03,4.0,6.0,8.0,-2.0,0.0,0.0
18,CA,Canada,2020-03-04,5.0,4.0,11.0,0.0,-1.0,1.0
19,CA,Canada,2020-03-05,7.0,5.0,18.0,-1.0,-2.0,1.0
20,CA,Canada,2020-03-06,1.0,-1.0,6.0,-3.0,-1.0,1.0
21,CA,Canada,2020-03-07,6.0,5.0,17.0,3.0,6.0,0.0
22,CA,Canada,2020-03-08,9.0,7.0,50.0,3.0,4.0,0.0
23,CA,Canada,2020-03-09,4.0,4.0,31.0,-3.0,2.0,1.0
24,CA,Canada,2020-03-10,-1.0,1.0,-2.0,-6.0,1.0,1.0
25,CA,Canada,2020-03-11,3.0,7.0,12.0,-3.0,2.0,1.0
26,CA,Canada,2020-03-12,7.0,27.0,11.0,-6.0,2.0,1.0
27,CA,Canada,2020-03-13,-5.0,35.0,-16.0,-17.0,-6.0,5.0
28,CA,Canada,2020-03-14,-11.0,19.0,-8.0,-19.0,-1.0,5.0
29,CA,Canada,2020-03-15,-12.0,11.0,28.0,-22.0,-5.0,4.0
30,CA,Canada,2020-03-16,-12.0,23.0,15.0,-37.0,-27.0,10.0
31,CA,Canada,2020-03-17,-27.0,13.0,7.0,-45.0,-35.0,14.0
32,CA,Canada,2020-03-18,-33.0,7.0,14.0,-48.0,-40.0,16.0
33,CA,Canada,2020-03-19,-36.0,4.0,18.0,-52.0,-43.0,17.0
34,CA,Canada,2020-03-20,-44.0,-5.0,-8.0,-54.0,-45.0,20.0
35,CA,Canada,2020-03-21,-49.0,-12.0,11.0,-49.0,-32.0,13.0
36,CA,Canada,2020-03-22,-51.0,-21.0,4.0,-54.0,-35.0,11.0
37,CA,Canada,2020-03-23,-45.0,-13.0,-27.0,-63.0,-51.0,20.0
38,CA,Canada,2020-03-24,-49.0,-15.0,-10.0,-64.0,-55.0,22.0
39,CA,Canada,2020-03-25,-53.0,-21.0,1.0,-65.0,-59.0,23.0
40,CA,Canada,2020-03-26,-54.0,-21.0,-18.0,-68.0,-59.0,25.0
41,CA,Canada,2020-03-27,-55.0,-21.0,-10.0,-66.0,-59.0,26.0
42,CA,Canada,2020-03-28,-59.0,-27.0,-30.0,-64.0,-44.0,17.0
43,CA,Canada,2020-03-29,-59.0,-35.0,-16.0,-66.0,-44.0,14.0
44,CA,Canada,2020-03-30,-54.0,-27.0,-32.0,-70.0,-60.0,23.0
45,CA,Canada,2020-03-31,-51.0,-19.0,-13.0,-68.0,-60.0,23.0
46,CA,Canada,2020-04-01,-52.0,-21.0,-10.0,-68.0,-61.0,24.0
47,CA,Canada,2020-04-02,-53.0,-23.0,-16.0,-70.0,-61.0,25.0
48,CA,Canada,2020-04-03,-55.0,-23.0,-33.0,-69.0,-60.0,27.0
49,CA,Canada,2020-04-04,-57.0,-25.0,-17.0,-63.0,-45.0,17.0
50,CA,Canada,2020-04-05,-63.0,-45.0,-13.0,-67.0,-46.0,14.0
51,CA,Canada,2020-04-06,-51.0,-21.0,2.0,-68.0,-60.0,23.0
52,CA,Canada,2020-04-07,-52.0,-18.0,-1.0,-68.0,-61.0,24.0
53,CA,Canada,2020-04-08,-51.0,-17.0,-3.0,-67.0,-61.0,24.0
54,CA,Canada,2020-04-09,-44.0,-3.0,-15.0,-68.0,-62.0,24.0
55,CA,Canada,2020-04-10,-70.0,-43.0,-24.0,-77.0,-81.0,33.0
56,CA,Canada,2020-04-11,-54.0,-15.0,-22.0,-63.0,-47.0,17.0
57,CA,Canada,2020-04-12,-74.0,-62.0,-4.0,-67.0,-51.0,14.0
58,CA,Canada,2020-04-13,-55.0,-29.0,-25.0,-74.0,-69.0,26.0
59,CA,Canada,2020-04-14,-50.0,-16.0,-11.0,-68.0,-60.0,24.0
60,CA,Canada,2020-04-15,-50.0,-19.0,-14.0,-68.0,-60.0,24.0
61,CA,Canada,2020-04-16,-49.0,-18.0,-6.0,-68.0,-60.0,25.0
62,CA,Canada,2020-04-17,-53.0,-22.0,-22.0,-67.0,-59.0,27.0
63,CA,Canada,2020-04-18,-54.0,-24.0,-3.0,-57.0,-40.0,16.0
64,CA,Canada,2020-04-19,-60.0,-43.0,-13.0,-64.0,-42.0,14.0
65,CA,Canada,2020-04-20,-46.0,-19.0,15.0,-65.0,-58.0,22.0
66,CA,Canada,2020-04-21,-50.0,-22.0,-17.0,-68.0,-58.0,23.0
67,CA,Canada,2020-04-22,-50.0,-22.0,-22.0,-67.0,-58.0,24.0
68,CA,Canada,2020-04-23,-49.0,-19.0,-1.0,-66.0,-58.0,24.0
69,CA,Canada,2020-04-24,-52.0,-22.0,-3.0,-65.0,-57.0,25.0
70,CA,Canada,2020-04-25,-51.0,-21.0,16.0,-54.0,-39.0,14.0
71,CA,Canada,2020-04-26,-57.0,-39.0,-6.0,-62.0,-41.0,13.0
72,CA,Canada,2020-04-27,-45.0,-17.0,14.0,-64.0,-56.0,21.0
73,CA,Canada,2020-04-28,-46.0,-16.0,14.0,-64.0,-57.0,16.0
74,CA,Canada,2020-04-29,-46.0,-17.0,6.0,-64.0,-57.0,22.0
75,CA,Canada,2020-04-30,-47.0,-17.0,-4.0,-65.0,-57.0,23.0
76,CA,Canada,2020-05-01,-47.0,-16.0,10.0,-61.0,-55.0,23.0
77,CA,Canada,2020-05-02,-49.0,-18.0,15.0,-52.0,-36.0,14.0
78,CA,Canada,2020-05-03,-51.0,-32.0,47.0,-54.0,-35.0,11.0
79,CA,Canada,2020-05-04,-42.0,-14.0,5.0,-64.0,-54.0,20.0
80,CA,Canada,2020-05-05,-42.0,-10.0,32.0,-62.0,-54.0,20.0
81,CA,Canada,2020-05-06,-41.0,-11.0,36.0,-60.0,-54.0,20.0
82,CA,Canada,2020-05-07,-42.0,-11.0,32.0,-62.0,-54.0,21.0
83,CA,Canada,2020-05-08,-45.0,-11.0,9.0,-62.0,-53.0,22.0
84,CA,Canada,2020-05-09,-44.0,-6.0,0.0,-55.0,-32.0,13.0
85,CA,Canada,2020-05-10,-44.0,-24.0,20.0,-55.0,-30.0,10.0
86,CA,Canada,2020-05-11,-41.0,-14.0,19.0,-62.0,-52.0,19.0
87,CA,Canada,2020-05-12,-41.0,-11.0,20.0,-61.0,-51.0,20.0
88,CA,Canada,2020-05-13,-38.0,-9.0,46.0,-58.0,-51.0,19.0
89,CA,Canada,2020-05-14,-38.0,-10.0,37.0,-60.0,-51.0,20.0
90,CA,Canada,2020-05-15,-41.0,-10.0,24.0,-59.0,-52.0,21.0
91,CA,Canada,2020-05-16,-40.0,-9.0,62.0,-47.0,-30.0,10.0
92,CA,Canada,2020-05-17,-41.0,-23.0,86.0,-51.0,-29.0,8.0
93,CA,Canada,2020-05-18,-48.0,-27.0,94.0,-69.0,-79.0,24.0
94,CA,Canada,2020-05-19,-31.0,0.0,57.0,-57.0,-49.0,18.0
95,CA,Canada,2020-05-20,-28.0,1.0,70.0,-54.0,-49.0,17.0
96,CA,Canada,2020-05-21,-30.0,-2.0,73.0,-55.0,-49.0,18.0
97,CA,Canada,2020-05-22,-34.0,-5.0,63.0,-54.0,-46.0,18.0
98,CA,Canada,2020-05-23,-33.0,-4.0,85.0,-42.0,-21.0,9.0
99,CA,Canada,2020-05-24,-32.0,-14.0,115.0,-43.0,-21.0,6.0
100,CA,Canada,2020-05-25,-26.0,-4.0,64.0,-55.0,-48.0,16.0
101,CA,Canada,2020-05-26,-28.0,-3.0,80.0,-54.0,-46.0,16.0
102,CA,Canada,2020-05-27,-26.0,0.0,82.0,-52.0,-46.0,16.0
103,CA,Canada,2020-05-28,-28.0,-3.0,64.0,-54.0,-45.0,17.0
104,CA,Canada,2020-05-29,-32.0,-5.0,51.0,-53.0,-44.0,18.0
105,CA,Canada,2020-05-30,-32.0,-5.0,58.0,-41.0,-14.0,9.0
106,CA,Canada,2020-05-31,-30.0,-12.0,69.0,-43.0,-13.0,7.0
107,CA,Canada,2020-06-01,-23.0,-2.0,81.0,-51.0,-43.0,14.0
108,CA,Canada,2020-06-02,-27.0,-3.0,64.0,-53.0,-43.0,16.0
109,CA,Canada,2020-06-03,-27.0,-3.0,68.0,-52.0,-43.0,16.0
110,CA,Canada,2020-06-04,-25.0,0.0,108.0,-50.0,-43.0,15.0
111,CA,Canada,2020-06-05,-29.0,-3.0,101.0,-50.0,-42.0,15.0
112,CA,Canada,2020-06-06,-29.0,-5.0,88.0,-40.0,-13.0,8.0
113,CA,Canada,2020-06-07,-26.0,-9.0,130.0,-39.0,-12.0,5.0
114,CA,Canada,2020-06-08,-21.0,-2.0,100.0,-51.0,-42.0,14.0
115,CA,Canada,2020-06-09,-24.0,-2.0,90.0,-52.0,-41.0,14.0
116,CA,Canada,2020-06-10,-22.0,-1.0,78.0,-51.0,-42.0,15.0
117,CA,Canada,2020-06-11,-21.0,0.0,100.0,-50.0,-41.0,15.0
118,CA,Canada,2020-06-12,-25.0,-2.0,89.0,-49.0,-40.0,14.0
119,CA,Canada,2020-06-13,-25.0,-3.0,111.0,-36.0,-8.0,6.0
120,CA,Canada,2020-06-14,-22.0,-7.0,142.0,-37.0,-7.0,4.0
121,CA,Canada,2020-06-15,-18.0,0.0,104.0,-49.0,-41.0,13.0
122,CA,Canada,2020-06-16,-18.0,3.0,136.0,-47.0,-40.0,13.0
123,CA,Canada,2020-06-17,-19.0,2.0,123.0,-47.0,-41.0,13.0
124,CA,Canada,2020-06-18,-17.0,5.0,139.0,-47.0,-40.0,13.0
125,CA,Canada,2020-06-19,-21.0,4.0,128.0,-45.0,-40.0,11.0
126,CA,Canada,2020-06-20,-22.0,3.0,135.0,-34.0,-6.0,4.0
127,CA,Canada,2020-06-21,-17.0,-2.0,149.0,-35.0,-2.0,1.0
128,CA,Canada,2020-06-22,-16.0,0.0,119.0,-47.0,-42.0,12.0
129,CA,Canada,2020-06-23,-17.0,6.0,95.0,-48.0,-42.0,12.0
130,CA,Canada,2020-06-24,-23.0,-8.0,122.0,-49.0,-49.0,15.0
131,CA,Canada,2020-06-25,-13.0,7.0,142.0,-44.0,-40.0,12.0
132,CA,Canada,2020-06-26,-20.0,1.0,129.0,-42.0,-39.0,11.0
133,CA,Canada,2020-06-27,-21.0,-1.0,117.0,-31.0,-8.0,5.0
134,CA,Canada,2020-06-28,-17.0,-5.0,153.0,-32.0,-4.0,2.0
135,CA,Canada,2020-06-29,-9.0,5.0,137.0,-46.0,-42.0,11.0
136,CA,Canada,2020-06-30,-2.0,21.0,133.0,-44.0,-41.0,10.0
137,CA,Canada,2020-07-01,-34.0,-16.0,234.0,-55.0,-67.0,16.0
138,CA,Canada,2020-07-02,-9.0,11.0,134.0,-46.0,-44.0,11.0
139,CA,Canada,2020-07-03,-15.0,6.0,151.0,-45.0,-47.0,12.0
140,CA,Canada,2020-07-04,-19.0,-1.0,183.0,-31.0,-8.0,3.0
141,CA,Canada,2020-07-05,-13.0,-3.0,190.0,-30.0,-6.0,0.0
142,CA,Canada,2020-07-06,-9.0,5.0,156.0,-45.0,-42.0,10.0
143,CA,Canada,2020-07-07,-12.0,6.0,136.0,-46.0,-42.0,11.0
144,CA,Canada,2020-07-08,-12.0,5.0,116.0,-46.0,-41.0,12.0
145,CA,Canada,2020-07-09,-11.0,6.0,136.0,-45.0,-40.0,11.0
146,CA,Canada,2020-07-10,-18.0,1.0,136.0,-44.0,-40.0,11.0
147,CA,Canada,2020-07-11,-20.0,-2.0,97.0,-37.0,-7.0,5.0
148,CA,Canada,2020-07-12,-12.0,-2.0,169.0,-31.0,-5.0,1.0
149,CA,Canada,2020-07-13,-10.0,3.0,150.0,-46.0,-42.0,10.0
150,CA,Canada,2020-07-14,-11.0,5.0,165.0,-46.0,-41.0,11.0
151,CA,Canada,2020-07-15,-10.0,5.0,159.0,-45.0,-40.0,10.0
152,CA,Canada,2020-07-16,-11.0,5.0,114.0,-47.0,-40.0,11.0
153,CA,Canada,2020-07-17,-15.0,4.0,141.0,-44.0,-40.0,10.0
154,CA,Canada,2020-07-18,-18.0,1.0,193.0,-29.0,-6.0,2.0
155,CA,Canada,2020-07-19,-15.0,-4.0,154.0,-34.0,-7.0,1.0
156,CA,Canada,2020-07-20,-7.0,7.0,183.0,-45.0,-43.0,10.0
157,CA,Canada,2020-07-21,-10.0,7.0,189.0,-46.0,-43.0,10.0
158,CA,Canada,2020-07-22,-12.0,4.0,134.0,-47.0,-42.0,11.0
159,CA,Canada,2020-07-23,-10.0,6.0,157.0,-46.0,-41.0,11.0
160,CA,Canada,2020-07-24,-17.0,2.0,162.0,-44.0,-41.0,10.0
161,CA,Canada,2020-07-25,-18.0,-1.0,201.0,-29.0,-6.0,2.0
162,CA,Canada,2020-07-26,-12.0,-3.0,191.0,-31.0,-6.0,0.0
163,CA,Canada,2020-07-27,-10.0,4.0,145.0,-47.0,-45.0,11.0
164,CA,Canada,2020-07-28,-10.0,7.0,182.0,-47.0,-43.0,10.0
165,CA,Canada,2020-07-29,-9.0,7.0,157.0,-45.0,-43.0,11.0
166,CA,Canada,2020-07-30,-7.0,9.0,171.0,-45.0,-43.0,10.0
167,CA,Canada,2020-07-31,-13.0,7.0,174.0,-41.0,-43.0,9.0
168,CA,Canada,2020-08-01,-17.0,0.0,211.0,-28.0,-9.0,1.0
169,CA,Canada,2020-08-02,-13.0,-4.0,151.0,-36.0,-11.0,1.0
170,CA,Canada,2020-08-03,-17.0,-8.0,209.0,-54.0,-66.0,14.0
171,CA,Canada,2020-08-04,-12.0,5.0,107.0,-48.0,-44.0,11.0
172,CA,Canada,2020-08-05,-7.0,8.0,164.0,-43.0,-42.0,10.0
173,CA,Canada,2020-08-06,-8.0,6.0,176.0,-44.0,-42.0,10.0
174,CA,Canada,2020-08-07,-16.0,0.0,155.0,-43.0,-41.0,9.0
175,CA,Canada,2020-08-08,-16.0,-2.0,197.0,-29.0,-6.0,1.0
176,CA,Canada,2020-08-09,-11.0,-4.0,187.0,-30.0,-6.0,0.0
177,CA,Canada,2020-08-10,-8.0,2.0,169.0,-46.0,-42.0,9.0
178,CA,Canada,2020-08-11,-11.0,3.0,147.0,-47.0,-41.0,10.0
179,CA,Canada,2020-08-12,-9.0,4.0,170.0,-44.0,-41.0,9.0
180,CA,Canada,2020-08-13,-8.0,4.0,178.0,-44.0,-41.0,9.0
181,CA,Canada,2020-08-14,-14.0,1.0,164.0,-42.0,-40.0,9.0
182,CA,Canada,2020-08-15,-15.0,-1.0,202.0,-28.0,-6.0,1.0
183,CA,Canada,2020-08-16,-10.0,-3.0,188.0,-30.0,-7.0,-1.0
184,CA,Canada,2020-08-17,-10.0,1.0,139.0,-47.0,-42.0,9.0
185,CA,Canada,2020-08-18,-10.0,3.0,153.0,-46.0,-40.0,10.0
186,CA,Canada,2020-08-19,-10.0,2.0,155.0,-44.0,-40.0,9.0
187,CA,Canada,2020-08-20,-7.0,4.0,143.0,-44.0,-40.0,9.0
188,CA,Canada,2020-08-21,-15.0,0.0,125.0,-43.0,-39.0,9.0
189,CA,Canada,2020-08-22,-15.0,-2.0,184.0,-28.0,-6.0,1.0
190,CA,Canada,2020-08-23,-10.0,-3.0,169.0,-30.0,-5.0,0.0
191,CA,Canada,2020-08-24,-9.0,0.0,134.0,-46.0,-41.0,9.0
192,CA,Canada,2020-08-25,-10.0,4.0,145.0,-45.0,-39.0,9.0
193,CA,Canada,2020-08-26,-9.0,2.0,126.0,-44.0,-39.0,9.0
194,CA,Canada,2020-08-27,-7.0,4.0,134.0,-43.0,-38.0,9.0
195,CA,Canada,2020-08-28,-14.0,0.0,134.0,-41.0,-38.0,8.0
196,CA,Canada,2020-08-29,-16.0,-2.0,97.0,-33.0,-7.0,3.0
197,CA,Canada,2020-08-30,-7.0,0.0,152.0,-28.0,-5.0,0.0
198,CA,Canada,2020-08-31,-7.0,3.0,131.0,-42.0,-39.0,8.0
199,CA,Canada,2020-09-01,-8.0,5.0,122.0,-42.0,-39.0,9.0
200,CA,Canada,2020-09-02,-10.0,1.0,88.0,-44.0,-39.0,10.0
201,CA,Canada,2020-09-03,-8.0,3.0,138.0,-41.0,-38.0,8.0
202,CA,Canada,2020-09-04,-11.0,4.0,134.0,-39.0,-38.0,7.0
203,CA,Canada,2020-09-05,-13.0,1.0,163.0,-28.0,-9.0,1.0
204,CA,Canada,2020-09-06,-2.0,2.0,212.0,-28.0,-8.0,-1.0
205,CA,Canada,2020-09-07,-33.0,-29.0,146.0,-60.0,-77.0,17.0
206,CA,Canada,2020-09-08,-9.0,11.0,81.0,-44.0,-39.0,9.0
207,CA,Canada,2020-09-09,-12.0,2.0,84.0,-44.0,-37.0,9.0
208,CA,Canada,2020-09-10,-10.0,2.0,96.0,-43.0,-37.0,9.0
209,CA,Canada,2020-09-11,-14.0,-1.0,107.0,-41.0,-35.0,8.0
210,CA,Canada,2020-09-12,-12.0,0.0,133.0,-29.0,-4.0,2.0
211,CA,Canada,2020-09-13,-12.0,-3.0,77.0,-36.0,-6.0,2.0
212,CA,Canada,2020-09-14,-11.0,-2.0,78.0,-45.0,-34.0,9.0
213,CA,Canada,2020-09-15,-11.0,1.0,80.0,-45.0,-33.0,9.0
214,CA,Canada,2020-09-16,-13.0,-3.0,90.0,-43.0,-34.0,9.0
215,CA,Canada,2020-09-17,-12.0,-2.0,89.0,-44.0,-34.0,9.0
216,CA,Canada,2020-09-18,-14.0,-3.0,74.0,-43.0,-32.0,9.0
217,CA,Canada,2020-09-19,-13.0,-1.0,102.0,-33.0,-4.0,3.0
218,CA,Canada,2020-09-20,-8.0,-1.0,133.0,-33.0,-4.0,1.0
219,CA,Canada,2020-09-21,-13.0,-2.0,85.0,-46.0,-35.0,9.0
220,CA,Canada,2020-09-22,-15.0,-1.0,83.0,-46.0,-34.0,9.0
221,CA,Canada,2020-09-23,-17.0,-3.0,65.0,-47.0,-33.0,10.0
222,CA,Canada,2020-09-24,-15.0,-1.0,65.0,-46.0,-32.0,10.0
223,CA,Canada,2020-09-25,-17.0,-3.0,73.0,-45.0,-32.0,9.0
224,CA,Canada,2020-09-26,-14.0,0.0,113.0,-35.0,-2.0,3.0
225,CA,Canada,2020-09-27,-11.0,-1.0,123.0,-36.0,-3.0,2.0
226,CA,Canada,2020-09-28,-16.0,-2.0,67.0,-47.0,-33.0,9.0
227,CA,Canada,2020-09-29,-16.0,0.0,52.0,-48.0,-32.0,10.0
228,CA,Canada,2020-09-30,-15.0,0.0,32.0,-47.0,-33.0,10.0
229,CA,Canada,2020-10-01,-15.0,2.0,52.0,-47.0,-31.0,10.0
230,CA,Canada,2020-10-02,-20.0,-3.0,36.0,-46.0,-30.0,11.0
231,CA,Canada,2020-10-03,-16.0,0.0,83.0,-36.0,-6.0,5.0
232,CA,Canada,2020-10-04,-16.0,-2.0,59.0,-41.0,-9.0,4.0
233,CA,Canada,2020-10-05,-17.0,-1.0,53.0,-47.0,-33.0,10.0
234,CA,Canada,2020-10-06,-18.0,1.0,57.0,-47.0,-32.0,10.0
235,CA,Canada,2020-10-07,-20.0,-2.0,29.0,-49.0,-32.0,11.0
236,CA,Canada,2020-10-08,-16.0,2.0,43.0,-47.0,-31.0,10.0
237,CA,Canada,2020-10-09,-19.0,3.0,43.0,-46.0,-32.0,11.0
238,CA,Canada,2020-10-10,-21.0,3.0,71.0,-39.0,-8.0,6.0
239,CA,Canada,2020-10-11,-21.0,-2.0,81.0,-43.0,-10.0,3.0
240,CA,Canada,2020-10-12,-43.0,-29.0,107.0,-66.0,-77.0,20.0
241,CA,Canada,2020-10-13,-22.0,-2.0,29.0,-49.0,-33.0,11.0
242,CA,Canada,2020-10-14,-20.0,-2.0,45.0,-47.0,-32.0,11.0
243,CA,Canada,2020-10-15,-20.0,-3.0,22.0,-49.0,-31.0,12.0
244,CA,Canada,2020-10-16,-22.0,-4.0,14.0,-48.0,-30.0,12.0
245,CA,Canada,2020-10-17,-18.0,-1.0,59.0,-38.0,-6.0,7.0
246,CA,Canada,2020-10-18,-19.0,-5.0,45.0,-43.0,-9.0,6.0
247,CA,Canada,2020-10-19,-22.0,-7.0,6.0,-51.0,-33.0,12.0
248,CA,Canada,2020-10-20,-19.0,0.0,29.0,-49.0,-31.0,11.0
249,CA,Canada,2020-10-21,-22.0,-4.0,12.0,-49.0,-31.0,12.0
250,CA,Canada,2020-10-22,-19.0,-2.0,28.0,-47.0,-31.0,12.0
251,CA,Canada,2020-10-23,-22.0,-5.0,41.0,-46.0,-31.0,12.0
252,CA,Canada,2020-10-24,-19.0,0.0,36.0,-39.0,-6.0,7.0
253,CA,Canada,2020-10-25,-18.0,-4.0,42.0,-42.0,-9.0,5.0
254,CA,Canada,2020-10-26,-21.0,-7.0,5.0,-50.0,-32.0,12.0
255,CA,Canada,2020-10-27,-22.0,-3.0,6.0,-49.0,-31.0,12.0
256,CA,Canada,2020-10-28,-19.0,-1.0,17.0,-47.0,-30.0,11.0
257,CA,Canada,2020-10-29,-17.0,0.0,8.0,-49.0,-30.0,11.0
258,CA,Canada,2020-10-30,-20.0,1.0,2.0,-47.0,-29.0,11.0
259,CA,Canada,2020-10-31,-19.0,4.0,36.0,-35.0,-5.0,6.0
260,CA,Canada,2020-11-01,-21.0,-5.0,8.0,-44.0,-11.0,6.0
261,US,United States,2020-02-15,6.0,2.0,15.0,3.0,2.0,-1.0
262,US,United States,2020-02-16,7.0,1.0,16.0,2.0,0.0,-1.0
263,US,United States,2020-02-17,6.0,0.0,28.0,-9.0,-24.0,5.0
264,US,United States,2020-02-18,0.0,-1.0,6.0,1.0,0.0,1.0
265,US,United States,2020-02-19,2.0,0.0,8.0,1.0,1.0,0.0
266,US,United States,2020-02-20,1.0,0.0,4.0,0.0,0.0,1.0
267,US,United States,2020-02-21,2.0,-2.0,4.0,1.0,0.0,0.0
268,US,United States,2020-02-22,7.0,3.0,23.0,5.0,4.0,-1.0
269,US,United States,2020-02-23,7.0,3.0,23.0,5.0,2.0,-1.0
270,US,United States,2020-02-24,2.0,1.0,9.0,1.0,3.0,0.0
271,US,United States,2020-02-25,4.0,1.0,9.0,2.0,2.0,0.0
272,US,United States,2020-02-26,7.0,2.0,5.0,3.0,2.0,-1.0
273,US,United States,2020-02-27,8.0,3.0,12.0,4.0,2.0,0.0
274,US,United States,2020-02-28,8.0,3.0,10.0,5.0,2.0,-1.0
275,US,United States,2020-02-29,12.0,7.0,21.0,7.0,4.0,-2.0
276,US,United States,2020-03-01,13.0,9.0,18.0,7.0,3.0,-1.0
277,US,United States,2020-03-02,7.0,6.0,10.0,2.0,3.0,-1.0
278,US,United States,2020-03-03,11.0,10.0,20.0,3.0,2.0,-1.0
279,US,United States,2020-03-04,8.0,6.0,17.0,2.0,3.0,-1.0
280,US,United States,2020-03-05,8.0,7.0,21.0,2.0,3.0,-1.0
281,US,United States,2020-03-06,5.0,3.0,12.0,2.0,2.0,-1.0
282,US,United States,2020-03-07,10.0,8.0,29.0,7.0,5.0,-1.0
283,US,United States,2020-03-08,10.0,7.0,40.0,5.0,2.0,-1.0
284,US,United States,2020-03-09,6.0,6.0,31.0,-1.0,0.0,0.0
285,US,United States,2020-03-10,6.0,7.0,18.0,-3.0,-2.0,1.0
286,US,United States,2020-03-11,8.0,10.0,26.0,-2.0,-1.0,0.0
287,US,United States,2020-03-12,6.0,23.0,19.0,-6.0,-3.0,1.0
288,US,United States,2020-03-13,2.0,26.0,4.0,-10.0,-7.0,3.0
289,US,United States,2020-03-14,-6.0,18.0,3.0,-10.0,-1.0,3.0
290,US,United States,2020-03-15,-9.0,12.0,5.0,-13.0,-7.0,3.0
291,US,United States,2020-03-16,-8.0,21.0,-1.0,-22.0,-20.0,8.0
292,US,United States,2020-03-17,-18.0,14.0,8.0,-26.0,-27.0,11.0
293,US,United States,2020-03-18,-24.0,8.0,6.0,-30.0,-31.0,13.0
294,US,United States,2020-03-19,-28.0,7.0,2.0,-36.0,-33.0,15.0
295,US,United States,2020-03-20,-32.0,5.0,-2.0,-37.0,-36.0,16.0
296,US,United States,2020-03-21,-40.0,-2.0,-3.0,-36.0,-24.0,12.0
297,US,United States,2020-03-22,-44.0,-13.0,-12.0,-44.0,-31.0,11.0
298,US,United States,2020-03-23,-38.0,-10.0,-23.0,-47.0,-41.0,17.0
299,US,United States,2020-03-24,-39.0,-12.0,-10.0,-46.0,-45.0,19.0
300,US,United States,2020-03-25,-40.0,-15.0,-7.0,-47.0,-46.0,19.0
301,US,United States,2020-03-26,-40.0,-14.0,3.0,-48.0,-47.0,20.0
302,US,United States,2020-03-27,-42.0,-16.0,-7.0,-49.0,-46.0,21.0
303,US,United States,2020-03-28,-48.0,-19.0,-25.0,-49.0,-34.0,15.0
304,US,United States,2020-03-29,-47.0,-22.0,-19.0,-51.0,-38.0,12.0
305,US,United States,2020-03-30,-40.0,-18.0,-15.0,-50.0,-48.0,19.0
306,US,United States,2020-03-31,-40.0,-16.0,-16.0,-49.0,-49.0,20.0
307,US,United States,2020-04-01,-37.0,-11.0,-7.0,-48.0,-49.0,20.0
308,US,United States,2020-04-02,-40.0,-11.0,-9.0,-51.0,-50.0,21.0
309,US,United States,2020-04-03,-42.0,-12.0,-21.0,-51.0,-50.0,22.0
310,US,United States,2020-04-04,-48.0,-15.0,-24.0,-50.0,-37.0,15.0
311,US,United States,2020-04-05,-49.0,-20.0,-20.0,-54.0,-40.0,13.0
312,US,United States,2020-04-06,-42.0,-16.0,-10.0,-52.0,-50.0,20.0
313,US,United States,2020-04-07,-42.0,-14.0,-2.0,-51.0,-51.0,21.0
314,US,United States,2020-04-08,-42.0,-15.0,-6.0,-51.0,-51.0,21.0
315,US,United States,2020-04-09,-43.0,-13.0,-21.0,-54.0,-52.0,22.0
316,US,United States,2020-04-10,-43.0,-13.0,-21.0,-54.0,-56.0,24.0
317,US,United States,2020-04-11,-45.0,-7.0,-16.0,-49.0,-38.0,14.0
318,US,United States,2020-04-12,-63.0,-39.0,-36.0,-56.0,-45.0,13.0
319,US,United States,2020-04-13,-45.0,-22.0,-31.0,-55.0,-51.0,21.0
320,US,United States,2020-04-14,-40.0,-16.0,-15.0,-50.0,-50.0,20.0
321,US,United States,2020-04-15,-36.0,-13.0,-16.0,-49.0,-49.0,20.0
322,US,United States,2020-04-16,-39.0,-13.0,-14.0,-50.0,-49.0,21.0
323,US,United States,2020-04-17,-42.0,-17.0,-22.0,-51.0,-48.0,22.0
324,US,United States,2020-04-18,-45.0,-15.0,-20.0,-47.0,-33.0,14.0
325,US,United States,2020-04-19,-45.0,-19.0,-10.0,-50.0,-37.0,11.0
326,US,United States,2020-04-20,-39.0,-16.0,-7.0,-49.0,-48.0,19.0
327,US,United States,2020-04-21,-38.0,-14.0,-8.0,-49.0,-49.0,20.0
328,US,United States,2020-04-22,-38.0,-14.0,-9.0,-48.0,-49.0,20.0
329,US,United States,2020-04-23,-40.0,-14.0,-14.0,-50.0,-49.0,21.0
330,US,United States,2020-04-24,-40.0,-16.0,-14.0,-50.0,-48.0,21.0
331,US,United States,2020-04-25,-41.0,-11.0,2.0,-42.0,-32.0,12.0
332,US,United States,2020-04-26,-42.0,-16.0,-11.0,-48.0,-36.0,11.0
333,US,United States,2020-04-27,-35.0,-13.0,-4.0,-48.0,-46.0,18.0
334,US,United States,2020-04-28,-34.0,-10.0,6.0,-45.0,-48.0,12.0
335,US,United States,2020-04-29,-34.0,-11.0,-7.0,-46.0,-47.0,19.0
336,US,United States,2020-04-30,-34.0,-9.0,-7.0,-47.0,-47.0,19.0
337,US,United States,2020-05-01,-32.0,-7.0,7.0,-43.0,-45.0,18.0
338,US,United States,2020-05-02,-34.0,-4.0,28.0,-35.0,-29.0,10.0
339,US,United States,2020-05-03,-34.0,-8.0,22.0,-40.0,-31.0,8.0
340,US,United States,2020-05-04,-29.0,-7.0,5.0,-44.0,-44.0,16.0
341,US,United States,2020-05-05,-28.0,-3.0,5.0,-43.0,-45.0,17.0
342,US,United States,2020-05-06,-29.0,-6.0,6.0,-43.0,-44.0,17.0
343,US,United States,2020-05-07,-29.0,-3.0,21.0,-42.0,-44.0,17.0
344,US,United States,2020-05-08,-32.0,-5.0,-2.0,-43.0,-43.0,18.0
345,US,United States,2020-05-09,-30.0,7.0,9.0,-35.0,-26.0,9.0
346,US,United States,2020-05-10,-30.0,1.0,6.0,-37.0,-27.0,7.0
347,US,United States,2020-05-11,-31.0,-11.0,-3.0,-44.0,-42.0,16.0
348,US,United States,2020-05-12,-28.0,-6.0,10.0,-41.0,-43.0,16.0
349,US,United States,2020-05-13,-26.0,-5.0,18.0,-40.0,-42.0,16.0
350,US,United States,2020-05-14,-28.0,-5.0,17.0,-42.0,-43.0,17.0
351,US,United States,2020-05-15,-29.0,-7.0,21.0,-40.0,-42.0,16.0
352,US,United States,2020-05-16,-30.0,-3.0,32.0,-34.0,-24.0,9.0
353,US,United States,2020-05-17,-30.0,-8.0,17.0,-39.0,-25.0,8.0
354,US,United States,2020-05-18,-26.0,-8.0,2.0,-43.0,-40.0,15.0
355,US,United States,2020-05-19,-24.0,-4.0,15.0,-40.0,-41.0,15.0
356,US,United States,2020-05-20,-22.0,-3.0,23.0,-38.0,-41.0,15.0
357,US,United States,2020-05-21,-22.0,-1.0,31.0,-37.0,-41.0,15.0
358,US,United States,2020-05-22,-24.0,-2.0,31.0,-36.0,-41.0,15.0
359,US,United States,2020-05-23,-27.0,0.0,43.0,-30.0,-21.0,7.0
360,US,United States,2020-05-24,-25.0,-2.0,57.0,-33.0,-24.0,5.0
361,US,United States,2020-05-25,-28.0,-8.0,60.0,-48.0,-72.0,20.0
362,US,United States,2020-05-26,-22.0,-3.0,28.0,-37.0,-39.0,14.0
363,US,United States,2020-05-27,-21.0,-4.0,32.0,-37.0,-38.0,14.0
364,US,United States,2020-05-28,-21.0,-2.0,26.0,-37.0,-38.0,14.0
365,US,United States,2020-05-29,-23.0,-5.0,29.0,-36.0,-37.0,14.0
366,US,United States,2020-05-30,-24.0,-1.0,48.0,-26.0,-12.0,6.0
367,US,United States,2020-05-31,-23.0,-4.0,47.0,-30.0,-16.0,5.0
368,US,United States,2020-06-01,-18.0,-2.0,28.0,-36.0,-37.0,12.0
369,US,United States,2020-06-02,-18.0,0.0,35.0,-36.0,-37.0,13.0
370,US,United States,2020-06-03,-16.0,1.0,33.0,-35.0,-37.0,13.0
371,US,United States,2020-06-04,-18.0,1.0,40.0,-35.0,-37.0,13.0
372,US,United States,2020-06-05,-20.0,-2.0,34.0,-34.0,-36.0,13.0
373,US,United States,2020-06-06,-21.0,1.0,51.0,-25.0,-13.0,5.0
374,US,United States,2020-06-07,-19.0,-2.0,53.0,-28.0,-16.0,4.0
375,US,United States,2020-06-08,-16.0,-2.0,39.0,-34.0,-36.0,11.0
376,US,United States,2020-06-09,-16.0,-1.0,36.0,-34.0,-36.0,12.0
377,US,United States,2020-06-10,-14.0,-1.0,40.0,-33.0,-36.0,12.0
378,US,United States,2020-06-11,-15.0,0.0,49.0,-33.0,-36.0,12.0
379,US,United States,2020-06-12,-17.0,-1.0,57.0,-30.0,-35.0,11.0
380,US,United States,2020-06-13,-18.0,2.0,74.0,-20.0,-10.0,4.0
381,US,United States,2020-06-14,-16.0,-2.0,68.0,-23.0,-13.0,3.0
382,US,United States,2020-06-15,-14.0,-2.0,45.0,-32.0,-35.0,11.0
383,US,United States,2020-06-16,-13.0,1.0,57.0,-31.0,-36.0,11.0
384,US,United States,2020-06-17,-12.0,0.0,58.0,-31.0,-36.0,11.0
385,US,United States,2020-06-18,-13.0,1.0,59.0,-31.0,-36.0,11.0
386,US,United States,2020-06-19,-15.0,0.0,60.0,-28.0,-36.0,9.0
387,US,United States,2020-06-20,-17.0,6.0,69.0,-20.0,-11.0,3.0
388,US,United States,2020-06-21,-17.0,2.0,59.0,-23.0,-13.0,2.0
389,US,United States,2020-06-22,-16.0,-5.0,43.0,-32.0,-38.0,11.0
390,US,United States,2020-06-23,-13.0,0.0,54.0,-30.0,-38.0,11.0
391,US,United States,2020-06-24,-12.0,-1.0,57.0,-30.0,-36.0,11.0
392,US,United States,2020-06-25,-13.0,1.0,64.0,-29.0,-36.0,11.0
393,US,United States,2020-06-26,-17.0,-3.0,57.0,-28.0,-36.0,11.0
394,US,United States,2020-06-27,-19.0,-1.0,62.0,-20.0,-12.0,4.0
395,US,United States,2020-06-28,-17.0,-4.0,55.0,-22.0,-12.0,3.0
396,US,United States,2020-06-29,-13.0,-3.0,46.0,-31.0,-36.0,10.0
397,US,United States,2020-06-30,-10.0,1.0,50.0,-30.0,-37.0,11.0
398,US,United States,2020-07-01,-7.0,4.0,54.0,-27.0,-37.0,10.0
399,US,United States,2020-07-02,-4.0,11.0,77.0,-24.0,-39.0,10.0
400,US,United States,2020-07-03,-10.0,11.0,86.0,-30.0,-57.0,14.0
401,US,United States,2020-07-04,-35.0,-2.0,81.0,-30.0,-28.0,5.0
402,US,United States,2020-07-05,-22.0,-10.0,53.0,-23.0,-19.0,3.0
403,US,United States,2020-07-06,-13.0,-2.0,48.0,-30.0,-41.0,11.0
404,US,United States,2020-07-07,-13.0,0.0,51.0,-29.0,-39.0,11.0
405,US,United States,2020-07-08,-12.0,-1.0,52.0,-30.0,-37.0,11.0
406,US,United States,2020-07-09,-13.0,1.0,59.0,-30.0,-38.0,11.0
407,US,United States,2020-07-10,-18.0,-4.0,43.0,-31.0,-37.0,11.0
408,US,United States,2020-07-11,-19.0,0.0,62.0,-21.0,-12.0,4.0
409,US,United States,2020-07-12,-17.0,-3.0,64.0,-23.0,-15.0,3.0
410,US,United States,2020-07-13,-13.0,-2.0,53.0,-31.0,-38.0,10.0
411,US,United States,2020-07-14,-12.0,0.0,59.0,-31.0,-38.0,11.0
412,US,United States,2020-07-15,-12.0,-1.0,56.0,-31.0,-37.0,11.0
413,US,United States,2020-07-16,-13.0,0.0,62.0,-31.0,-37.0,11.0
414,US,United States,2020-07-17,-17.0,-3.0,54.0,-29.0,-37.0,11.0
415,US,United States,2020-07-18,-19.0,-1.0,74.0,-21.0,-13.0,4.0
416,US,United States,2020-07-19,-17.0,-4.0,60.0,-24.0,-16.0,3.0
417,US,United States,2020-07-20,-14.0,-4.0,51.0,-32.0,-38.0,10.0
418,US,United States,2020-07-21,-13.0,-2.0,54.0,-32.0,-38.0,11.0
419,US,United States,2020-07-22,-13.0,-3.0,47.0,-32.0,-37.0,11.0
420,US,United States,2020-07-23,-14.0,-2.0,55.0,-31.0,-37.0,11.0
421,US,United States,2020-07-24,-17.0,-4.0,55.0,-30.0,-37.0,11.0
422,US,United States,2020-07-25,-19.0,-2.0,77.0,-21.0,-13.0,4.0
423,US,United States,2020-07-26,-17.0,-5.0,65.0,-24.0,-16.0,3.0
424,US,United States,2020-07-27,-14.0,-4.0,48.0,-32.0,-38.0,10.0
425,US,United States,2020-07-28,-14.0,-3.0,53.0,-32.0,-38.0,11.0
426,US,United States,2020-07-29,-13.0,-3.0,56.0,-31.0,-38.0,10.0
427,US,United States,2020-07-30,-13.0,-2.0,56.0,-31.0,-38.0,11.0
428,US,United States,2020-07-31,-14.0,-2.0,56.0,-28.0,-37.0,10.0
429,US,United States,2020-08-01,-17.0,0.0,69.0,-20.0,-14.0,4.0
430,US,United States,2020-08-02,-16.0,-4.0,52.0,-24.0,-17.0,3.0
431,US,United States,2020-08-03,-12.0,-1.0,47.0,-31.0,-38.0,10.0
432,US,United States,2020-08-04,-13.0,-3.0,48.0,-33.0,-39.0,11.0
433,US,United States,2020-08-05,-11.0,-2.0,61.0,-30.0,-37.0,10.0
434,US,United States,2020-08-06,-13.0,-2.0,62.0,-30.0,-37.0,10.0
435,US,United States,2020-08-07,-15.0,-5.0,57.0,-29.0,-37.0,10.0
436,US,United States,2020-08-08,-17.0,-1.0,79.0,-20.0,-13.0,3.0
437,US,United States,2020-08-09,-15.0,-4.0,66.0,-22.0,-16.0,2.0
438,US,United States,2020-08-10,-14.0,-5.0,47.0,-32.0,-38.0,9.0
439,US,United States,2020-08-11,-13.0,-3.0,57.0,-31.0,-38.0,10.0
440,US,United States,2020-08-12,-13.0,-4.0,51.0,-32.0,-37.0,10.0
441,US,United States,2020-08-13,-14.0,-3.0,53.0,-31.0,-37.0,10.0
442,US,United States,2020-08-14,-16.0,-5.0,53.0,-29.0,-37.0,10.0
443,US,United States,2020-08-15,-18.0,-2.0,67.0,-21.0,-14.0,3.0
444,US,United States,2020-08-16,-16.0,-5.0,48.0,-24.0,-17.0,3.0
445,US,United States,2020-08-17,-15.0,-6.0,42.0,-32.0,-38.0,9.0
446,US,United States,2020-08-18,-14.0,-4.0,50.0,-32.0,-36.0,10.0
447,US,United States,2020-08-19,-14.0,-5.0,44.0,-32.0,-36.0,10.0
448,US,United States,2020-08-20,-14.0,-4.0,53.0,-31.0,-36.0,10.0
449,US,United States,2020-08-21,-16.0,-6.0,48.0,-29.0,-36.0,9.0
450,US,United States,2020-08-22,-17.0,-2.0,66.0,-21.0,-12.0,3.0
451,US,United States,2020-08-23,-16.0,-5.0,50.0,-23.0,-15.0,3.0
452,US,United States,2020-08-24,-16.0,-7.0,32.0,-33.0,-36.0,10.0
453,US,United States,2020-08-25,-15.0,-4.0,37.0,-33.0,-37.0,10.0
454,US,United States,2020-08-26,-14.0,-5.0,42.0,-32.0,-35.0,10.0
455,US,United States,2020-08-27,-16.0,-6.0,41.0,-32.0,-36.0,10.0
456,US,United States,2020-08-28,-17.0,-8.0,37.0,-30.0,-35.0,9.0
457,US,United States,2020-08-29,-17.0,-4.0,49.0,-23.0,-13.0,4.0
458,US,United States,2020-08-30,-15.0,-6.0,59.0,-22.0,-15.0,2.0
459,US,United States,2020-08-31,-15.0,-7.0,30.0,-32.0,-35.0,9.0
460,US,United States,2020-09-01,-12.0,-2.0,36.0,-31.0,-36.0,9.0
461,US,United States,2020-09-02,-13.0,-5.0,35.0,-32.0,-35.0,9.0
462,US,United States,2020-09-03,-11.0,-1.0,45.0,-28.0,-35.0,8.0
463,US,United States,2020-09-04,-13.0,-2.0,55.0,-25.0,-36.0,8.0
464,US,United States,2020-09-05,-15.0,0.0,81.0,-18.0,-17.0,2.0
465,US,United States,2020-09-06,-13.0,-3.0,81.0,-24.0,-18.0,1.0
466,US,United States,2020-09-07,-16.0,-7.0,75.0,-40.0,-71.0,16.0
467,US,United States,2020-09-08,-16.0,-5.0,24.0,-31.0,-37.0,9.0
468,US,United States,2020-09-09,-16.0,-7.0,24.0,-32.0,-35.0,9.0
469,US,United States,2020-09-10,-16.0,-6.0,27.0,-32.0,-35.0,9.0
470,US,United States,2020-09-11,-17.0,-8.0,35.0,-30.0,-33.0,8.0
471,US,United States,2020-09-12,-16.0,-4.0,50.0,-22.0,-12.0,3.0
472,US,United States,2020-09-13,-16.0,-6.0,38.0,-25.0,-15.0,3.0
473,US,United States,2020-09-14,-16.0,-7.0,30.0,-33.0,-32.0,8.0
474,US,United States,2020-09-15,-14.0,-5.0,36.0,-32.0,-33.0,9.0
475,US,United States,2020-09-16,-15.0,-8.0,36.0,-32.0,-33.0,9.0
476,US,United States,2020-09-17,-16.0,-7.0,34.0,-32.0,-33.0,9.0
477,US,United States,2020-09-18,-15.0,-7.0,35.0,-30.0,-32.0,8.0
478,US,United States,2020-09-19,-13.0,-2.0,62.0,-21.0,-11.0,2.0
479,US,United States,2020-09-20,-14.0,-6.0,46.0,-24.0,-14.0,2.0
480,US,United States,2020-09-21,-16.0,-8.0,25.0,-33.0,-33.0,9.0
481,US,United States,2020-09-22,-15.0,-6.0,28.0,-34.0,-33.0,9.0
482,US,United States,2020-09-23,-15.0,-7.0,27.0,-33.0,-32.0,9.0
483,US,United States,2020-09-24,-16.0,-7.0,25.0,-33.0,-32.0,9.0
484,US,United States,2020-09-25,-16.0,-8.0,25.0,-31.0,-31.0,8.0
485,US,United States,2020-09-26,-15.0,-3.0,52.0,-23.0,-10.0,2.0
486,US,United States,2020-09-27,-15.0,-7.0,35.0,-25.0,-13.0,2.0
487,US,United States,2020-09-28,-17.0,-8.0,12.0,-35.0,-32.0,9.0
488,US,United States,2020-09-29,-16.0,-7.0,11.0,-35.0,-32.0,9.0
489,US,United States,2020-09-30,-14.0,-5.0,17.0,-33.0,-32.0,8.0
490,US,United States,2020-10-01,-13.0,-2.0,21.0,-31.0,-30.0,8.0
491,US,United States,2020-10-02,-14.0,-5.0,18.0,-29.0,-30.0,8.0
492,US,United States,2020-10-03,-13.0,-1.0,42.0,-20.0,-11.0,2.0
493,US,United States,2020-10-04,-14.0,-5.0,25.0,-24.0,-14.0,2.0
494,US,United States,2020-10-05,-15.0,-5.0,15.0,-32.0,-32.0,8.0
495,US,United States,2020-10-06,-15.0,-4.0,25.0,-32.0,-32.0,8.0
496,US,United States,2020-10-07,-15.0,-6.0,24.0,-33.0,-31.0,8.0
497,US,United States,2020-10-08,-15.0,-5.0,29.0,-31.0,-31.0,9.0
498,US,United States,2020-10-09,-16.0,-7.0,30.0,-29.0,-31.0,8.0
499,US,United States,2020-10-10,-16.0,-4.0,46.0,-22.0,-11.0,3.0
500,US,United States,2020-10-11,-16.0,-7.0,25.0,-25.0,-14.0,3.0
501,US,United States,2020-10-12,-17.0,-9.0,9.0,-36.0,-37.0,10.0
502,US,United States,2020-10-13,-17.0,-6.0,18.0,-33.0,-32.0,9.0
503,US,United States,2020-10-14,-14.0,-6.0,25.0,-31.0,-30.0,9.0
504,US,United States,2020-10-15,-15.0,-5.0,23.0,-30.0,-31.0,9.0
505,US,United States,2020-10-16,-17.0,-8.0,8.0,-30.0,-31.0,9.0
506,US,United States,2020-10-17,-14.0,-3.0,41.0,-20.0,-11.0,3.0
507,US,United States,2020-10-18,-16.0,-7.0,18.0,-23.0,-14.0,3.0
508,US,United States,2020-10-19,-18.0,-9.0,4.0,-33.0,-31.0,9.0
509,US,United States,2020-10-20,-17.0,-7.0,10.0,-32.0,-31.0,9.0
510,US,United States,2020-10-21,-16.0,-7.0,13.0,-32.0,-30.0,9.0
511,US,United States,2020-10-22,-16.0,-6.0,20.0,-31.0,-30.0,9.0
512,US,United States,2020-10-23,-17.0,-8.0,10.0,-30.0,-30.0,9.0
513,US,United States,2020-10-24,-16.0,-4.0,28.0,-23.0,-10.0,3.0
514,US,United States,2020-10-25,-18.0,-8.0,1.0,-27.0,-15.0,4.0
515,US,United States,2020-10-26,-19.0,-9.0,-9.0,-34.0,-31.0,10.0
516,US,United States,2020-10-27,-17.0,-7.0,1.0,-33.0,-31.0,10.0
517,US,United States,2020-10-28,-16.0,-7.0,-2.0,-34.0,-30.0,10.0
518,US,United States,2020-10-29,-17.0,-7.0,-6.0,-35.0,-31.0,10.0
519,US,United States,2020-10-30,-14.0,-4.0,1.0,-32.0,-30.0,8.0
520,US,United States,2020-10-31,-16.0,2.0,27.0,-23.0,-10.0,3.0
521,US,United States,2020-11-01,-18.0,-9.0,-5.0,-29.0,-15.0,4.0
