,I-94 Arrivals based on Country of Residence (COR),,,,,,,,,,,,,,,,Percent Change,,,,,,,,,,,,,,,Market Share,,,,,,,,,,,,,,,,I-94 Arrivals based on Country of Residence (COR),,,,,,,,,,,,,,,,Market Share,,,,,,,,,,,,,,,,,,,,,,,,,,,,,,,,,,
YTD Sep 2020 Rank,2020 (P),Jan-20,Feb-20,Mar-20,1Q-20,Apr-20,May-20,Jun-20,2Q-20,Jul-20,Aug-20,YTD Aug-20,Sep-20,3Q-20,YTD Sep-20,,Jan-20,Feb-20,Mar-20,1Q-20,Apr-20,May-20,Jun-20,2Q-20,Jul-20,Aug-20,YTD Aug-20,Sep-20,3Q-20,YTD Sep-20,,Jan-20,Feb-20,Mar-20,1Q-20,Apr-20,May-20,Jun-20,2Q-20,Jul-20,Aug-20,YTD Aug-20,YTD Aug 20 Cumulative Market Share,,,,YTD Sep 2020 Rank,2019 (R),Jan-19,Feb-19,Mar-19,1Q-19,Apr-19,May-19,Jun-19,2Q-19,Jul-19,Aug-19,YTD Aug-19,Sep-19,3Q-19,YTD Sep-19,,Jan-19,Feb-19,Mar-19,1Q-19,Apr-19,May-19,Jun-19,2Q-19,Jul-19,Aug-19,YTD Aug-19,Sep-19,3Q-19,YTD Sep-19,YTD Aug 19 Cumulative Market Share,,,,,,,,,,,,,,,,,,,,
,"TOTAL INTERNATIONAL (Overseas, Mexico, and Canada) ","5,796,272","4,992,650","3,139,499","13,928,421","249,143","272,506","326,405","848,054","534,214","734,036","16,044,725",na,na,na,,0.3%,-1.0%,-49.5%,-18.3%,-96.4%,-95.9%,-94.8%,-95.8%,-93.1%,-91.0%,-69.6%,na,na,na,,100.0%,100.0%,100.0%,100.0%,100.0%,100.0%,100.0%,100.0%,100.0%,100.0%,100.0%,,,,,,"TOTAL INTERNATIONAL (Overseas, Mexico, and Canada) ","5,780,209","5,043,815","6,216,672","17,040,696","7,004,764","6,640,887","6,333,741","19,979,392","7,707,398","8,115,682","52,843,168","6,712,574","22,535,654","59,555,742",,100.0%,100.0%,100.0%,100.0%,100.0%,100.0%,100.0%,100.0%,100.0%,100.0%,100.0%,100.0%,100.0%,100.0%,,,,,,,,,,,,,,,,,,,,,
,,,,,,,,,,,,,,,,,,,,,,,,,,,,,,,,,,,,,,,,,,,,,,,,,,,,,,,,,,,,,,,,,,,,,,,,,,,,,,,,,,,,,,,,,,,,,,,,,,
,TOTAL OVERSEAS ,"2,854,917","2,430,615","869,768","6,155,300","15,147","21,119","39,455","75,721","94,385","154,546","6,479,952","161,175","410,106","6,641,127",,-1.4%,-6.6%,-69.9%,-26.6%,-99.6%,-99.4%,-98.9%,-99.3%,-97.6%,-96.2%,-76.0%,-95.4%,-96.4%,-78.2%,,49.3%,48.7%,27.7%,44.2%,6.1%,7.7%,12.1%,8.9%,17.7%,21.1%,40.4%,,,,,,TOTAL OVERSEAS ,"2,894,024","2,601,702","2,885,701","8,381,427","3,557,912","3,518,224","3,484,444","10,560,580","4,000,886","4,062,448","27,005,341","3,484,495","11,547,829","30,489,836",,50.1%,51.6%,46.4%,49.2%,50.8%,53.0%,55.0%,52.9%,51.9%,50.1%,51.1%,51.9%,51.2%,51.2%,,,,,,,,,,,,,,,,,,,,,
1,Total Canada (Source: Statistics Canada) ,"1,499,977","1,449,293","1,348,880","4,298,150","41,927","29,682","40,024","111,633","53,169","64,783","4,527,735",na,na,na,,3.4%,8.8%,-33.0%,-10.4%,-97.7%,-98.3%,-97.4%,-97.8%,-97.4%,-97.3%,-68.5%,na,na,na,,25.9%,29.0%,43.0%,30.9%,16.8%,10.9%,12.3%,13.2%,10.0%,8.8%,28.2%,28.2%,,,,1,Total Canada (Source: Statistics Canada) ,"1,450,703","1,331,490","2,013,970","4,796,163","1,857,830","1,696,950","1,516,197","5,070,977","2,079,432","2,431,466","14,378,038","1,716,680","6,227,578","16,094,718",,25.1%,26.4%,32.4%,28.1%,26.5%,25.6%,23.9%,25.4%,27.0%,30.0%,27.2%,25.6%,27.6%,27.0%,27.2%,,,,,,,,,,,,,,,,,,,,
,Canada Air (Source: Statistics Canada),"847,165","843,517","632,278","2,322,960","8,587","7,801","13,910","30,298","23,680","31,381","2,408,319",na,na,na,,7.0%,6.1%,-36.9%,-10.3%,-99.0%,-98.9%,-97.6%,-98.6%,-96.1%,-95.3%,-60.2%,na,na,na,,14.6%,16.9%,20.1%,16.7%,3.4%,2.9%,4.3%,3.6%,4.4%,4.3%,15.0%,,,,,,Canada Air (Source: Statistics Canada),"791,397","795,218","1,002,786","2,589,401","870,214","728,183","585,840","2,184,237","599,529","673,317","6,046,484","647,359","1,920,205","6,693,843",,13.7%,15.8%,16.1%,15.2%,12.4%,11.0%,9.2%,10.9%,7.8%,8.3%,11.4%,9.6%,8.5%,11.2%,,,,,,,,,,,,,,,,,,,,,
2,Total Mexico (Source: INEGI) ,"1,441,378","1,112,742","920,851","3,474,971","192,069","221,705","246,926","660,700","386,660","514,707","5,037,038",na,na,na,,0.4%,0.2%,-30.1%,-10.0%,-87.9%,-84.4%,-81.5%,-84.8%,-76.2%,-68.3%,-56.0%,na,na,na,,24.9%,22.3%,29.3%,24.9%,77.1%,81.4%,75.7%,77.9%,72.4%,70.1%,31.4%,59.6%,,,,2,Total Mexico (Source: INEGI) ,"1,435,482","1,110,623","1,317,001","3,863,106","1,589,022","1,425,713","1,333,100","4,347,835","1,627,080","1,621,768","11,459,789","1,511,399","4,760,247","12,971,188",,24.8%,22.0%,21.2%,22.7%,22.7%,21.5%,21.0%,21.8%,21.1%,20.0%,21.7%,22.5%,21.1%,21.8%,48.9%,,,,,,,,,,,,,,,,,,,,
,Mexico Air (Source: I-94),"174,363","165,799","86,922","427,084","2,968","6,020","24,899","33,887","57,849","71,189","590,009","87,359","216,397","677,368",,,,,,,,,,,,,,,,,,,,,,,,,,,,,,,,,,,,,,,,,,,,,,,,,,,,,,,,,,,,,,,,,,,,,,,,,,,,,,,,,,,
,,,,,,,,,,,,,,,,,,,,,,,,,,,,,,,,,,,,,,,,,,,,,,,,,,,,,,,,,,,,,,,,,,,,,,,,,,,,,,,,,,,,,,,,,,,,,,,,,,
,9 Major World Regions,,,,,,,,,,,,,,,,,,,,,,,,,,,,,,,,,,,,,,,,,,,,,,,9 Major World Regions,,,,,,,,,,,,,,,,,,,,,,,,,,,,,,,,,,,,,,,,,,,,,,,,,,
,Western Europe,"784,718","958,806","325,859","2,069,383","4,901","3,883","6,780","15,564","12,277","26,353","2,123,577","19,278","57,908","2,142,855",,-1.0%,4.6%,-68.5%,-24.6%,-99.7%,-99.7%,-99.4%,-99.6%,-99.2%,-98.2%,-78.0%,-98.5%,-98.6%,-80.4%,,13.5%,19.2%,10.4%,14.9%,2.0%,1.4%,2.1%,1.8%,2.3%,3.6%,13.2%,,,,,,Western Europe,"792,310","917,053","1,034,962","2,744,325","1,506,411","1,244,201","1,159,086","3,909,698","1,509,160","1,499,903","9,663,086","1,273,910","4,282,973","10,936,996",,13.7%,18.2%,16.6%,16.1%,21.5%,18.7%,18.3%,19.6%,19.6%,18.5%,18.3%,19.0%,19.0%,18.4%,,,,,,,,,,,,,,,,,,,,,
,Asia,"1,094,137","625,227","190,016","1,909,380","5,950","8,454","14,795","29,199","22,874","43,962","2,005,415","34,548","101,384","2,039,963",,1.9%,-25.5%,-79.0%,-32.3%,-99.3%,-99.2%,-98.7%,-99.1%,-98.0%,-96.6%,-76.1%,-96.8%,-97.1%,-78.5%,,18.9%,12.5%,6.1%,13.7%,2.4%,3.1%,4.5%,3.4%,4.3%,6.0%,12.5%,,,,,,Asia,"1,073,249","839,627","905,659","2,818,535","907,679","1,097,689","1,115,329","3,120,697","1,159,140","1,305,423","8,403,795","1,070,019","3,534,582","9,473,814",,18.6%,16.6%,14.6%,16.5%,13.0%,16.5%,17.6%,15.6%,15.0%,16.1%,15.9%,15.9%,15.7%,15.9%,,,,,,,,,,,,,,,,,,,,,
,South America,"434,932","407,026","160,569","1,002,527","1,507","4,418","5,761","11,686","11,907","19,608","1,045,728","33,908","65,423","1,079,636",,-11.2%,-5.2%,-64.0%,-26.5%,-99.7%,-99.1%,-98.8%,-99.2%,-97.7%,-95.8%,-72.7%,-92.6%,-95.5%,-74.8%,,7.5%,8.2%,5.1%,7.2%,0.6%,1.6%,1.8%,1.4%,2.2%,2.7%,6.5%,,,,,,South America,"489,673","429,169","445,557","1,364,399","492,991","504,511","476,686","1,474,188","523,080","465,398","3,827,065","456,238","1,444,716","4,283,303",,8.5%,8.5%,7.2%,8.0%,7.0%,7.6%,7.5%,7.4%,6.8%,5.7%,7.2%,6.8%,6.4%,7.2%,,,,,,,,,,,,,,,,,,,,,
,Caribbean,"100,572","108,282","48,300","257,154",402,705,"4,373","5,480","30,333","27,144","320,111","29,234","86,711","349,345",,4.1%,9.8%,-59.3%,-18.1%,-99.7%,-99.5%,-97.4%,-98.8%,-86.9%,-87.9%,-74.3%,-78.7%,-85.4%,-74.7%,,1.7%,2.2%,1.5%,1.8%,0.2%,0.3%,1.3%,0.6%,5.7%,3.7%,2.0%,,,,,,Caribbean,"96,623","98,601","118,590","313,814","152,366","153,822","167,833","474,021","231,828","224,415","1,244,078","137,150","593,393","1,381,228",,1.7%,2.0%,1.9%,1.8%,2.2%,2.3%,2.6%,2.4%,3.0%,2.8%,2.4%,2.0%,2.6%,2.3%,,,,,,,,,,,,,,,,,,,,,
,Oceania,"121,999","78,820","40,667","241,486",826,794,"1,296","2,916","1,747","2,480","248,629","1,769","5,996","250,398",,-4.9%,0.6%,-58.1%,-20.5%,-99.4%,-99.5%,-99.2%,-99.4%,-98.9%,-98.4%,-76.8%,-99.0%,-98.8%,-80.0%,,2.1%,1.6%,1.3%,1.7%,0.3%,0.3%,0.4%,0.3%,0.3%,0.3%,1.5%,,,,,,Oceania,"128,236","78,382","97,101","303,719","137,639","155,874","157,288","450,801","163,989","151,006","1,069,515","184,447","499,442","1,253,962",,2.2%,1.6%,1.6%,1.8%,2.0%,2.3%,2.5%,2.3%,2.1%,1.9%,2.0%,2.7%,2.2%,2.1%,,,,,,,,,,,,,,,,,,,,,
,Central America,"100,858","86,395","33,465","220,718",239,548,"1,134","1,921","2,749","7,746","233,134","16,183","26,678","249,317",,-0.7%,2.8%,-59.7%,-17.9%,-99.8%,-99.5%,-99.0%,-99.4%,-97.5%,-92.2%,-71.7%,-85.3%,-91.6%,-73.3%,,1.7%,1.7%,1.1%,1.6%,0.1%,0.2%,0.3%,0.2%,0.5%,1.1%,1.5%,,,,,,Central America,"101,597","84,031","83,077","268,705","117,247","113,388","116,174","346,809","108,761","99,268","823,543","109,845","317,874","933,388",,1.8%,1.7%,1.3%,1.6%,1.7%,1.7%,1.8%,1.7%,1.4%,1.2%,1.6%,1.6%,1.4%,1.6%,,,,,,,,,,,,,,,,,,,,,
,Middle East,"96,082","62,576","22,825","181,483",410,836,"2,726","3,972","6,704","15,746","207,905","14,332","36,782","222,237",,-1.1%,5.2%,-70.9%,-22.8%,-99.6%,-99.1%,-97.9%,-98.8%,-95.3%,-88.9%,-75.2%,-86.2%,-90.5%,-76.4%,,1.7%,1.3%,0.7%,1.3%,0.2%,0.3%,0.8%,0.5%,1.3%,2.1%,1.3%,,,,,,Middle East,"97,138","59,504","78,469","235,111","96,467","95,347","127,704","319,518","142,969","141,370","838,968","104,053","388,392","943,021",,1.7%,1.2%,1.3%,1.4%,1.4%,1.4%,2.0%,1.6%,1.9%,1.7%,1.6%,1.6%,1.7%,1.6%,,,,,,,,,,,,,,,,,,,,,
,Eastern Europe,"86,020","76,247","32,972","195,239",555,983,"1,796","3,334","4,251","8,465","211,289","8,053","20,769","219,342",,5.7%,9.7%,-60.6%,-16.8%,-99.5%,-99.1%,-98.4%,-98.9%,-95.6%,-91.9%,-71.9%,-92.0%,-93.1%,-74.3%,,1.5%,1.5%,1.1%,1.4%,0.2%,0.4%,0.6%,0.4%,0.8%,1.2%,1.3%,,,,,,Eastern Europe,"81,388","69,510","83,723","234,621","101,526","103,816","110,295","315,637","96,113","105,106","751,477","100,363","301,582","851,840",,1.4%,1.4%,1.3%,1.4%,1.4%,1.6%,1.7%,1.6%,1.2%,1.3%,1.4%,1.5%,1.3%,1.4%,,,,,,,,,,,,,,,,,,,,,
,Africa,"35,599","27,236","15,095","77,930",357,498,794,"1,649","1,543","3,042","84,164","3,870","8,455","88,034",,5.3%,5.5%,-60.9%,-20.6%,-99.2%,-99.0%,-98.5%,-98.9%,-97.7%,-95.7%,-78.1%,-92.0%,-95.4%,-79.6%,,0.6%,0.5%,0.5%,0.6%,0.1%,0.2%,0.2%,0.2%,0.3%,0.4%,0.5%,,,,,,Africa,"33,810","25,825","38,563","98,198","45,586","49,576","54,049","149,211","65,846","70,559","383,814","48,470","184,875","432,284",,0.6%,0.5%,0.6%,0.6%,0.7%,0.7%,0.9%,0.7%,0.9%,0.9%,0.7%,0.7%,0.8%,0.7%,,,,,,,,,,,,,,,,,,,,,
,,,,,,,,,,,,,,,,,,,,,,,,,,,,,,,,,,,,,,,,,,,,,,,,,,,,,,,,,,,,,,,,,,,,,,,,,,,,,,,,,,,,,,,,,,,,,,,,,,
,Top 50 Overseas Countries,,,,,,,,,,,,,,,,,,,,,,,,,,,,,,,,,,,,,,,,,,,,,,,Top 50 Overseas Countries,,,,,,,,,,,,,,,,,,,,,,,,,,,,,,,,,,,,,,,,,,,,,,,,,,
3,United Kingdom,"254,498","325,736","114,927","695,161","2,753","1,118","1,905","5,776","3,368","5,889","710,194","3,980","13,237","714,174",,-0.3%,4.2%,-66.1%,-23.3%,-99.4%,-99.7%,-99.5%,-99.6%,-99.3%,-98.7%,-77.3%,-99.1%,-99.0%,-80.0%,,4.4%,6.5%,3.7%,5.0%,1.1%,0.4%,0.6%,0.7%,0.6%,0.8%,4.4%,64.0%,,,,3,United Kingdom,"255,152","312,569","338,792","906,513","480,061","443,280","380,661","1,304,002","455,044","465,983","3,131,542","439,892","1,360,919","3,571,434",,4.4%,6.2%,5.4%,5.3%,6.9%,6.7%,6.0%,6.5%,5.9%,5.7%,5.9%,6.6%,6.0%,6.0%,54.8%,,,,,,,,,,,,,,,,,,,,
4,Japan,"278,569","296,256","91,448","666,273",451,660,"1,635","2,746","2,818","5,668","677,505","3,574","12,060","681,079",,1.6%,0.3%,-73.2%,-26.9%,-99.8%,-99.7%,-99.4%,-99.7%,-99.1%,-98.6%,-72.5%,-99.0%,-98.9%,-75.8%,,4.8%,5.9%,2.9%,4.8%,0.2%,0.2%,0.5%,0.3%,0.5%,0.8%,4.2%,68.3%,,,,4,Japan,"274,093","295,492","341,711","911,296","294,156","260,788","283,111","838,055","315,218","401,562","2,466,131","348,022","1,064,802","2,814,153",,4.7%,5.9%,5.5%,5.3%,4.2%,3.9%,4.5%,4.2%,4.1%,4.9%,4.7%,5.2%,4.7%,4.7%,59.5%,,,,,,,,,,,,,,,,,,,,
5,South Korea,"233,958","135,959","20,838","390,755","1,904","2,518","4,443","8,865","5,632","11,577","416,829","5,677","22,886","422,506",,10.6%,-17.8%,-85.6%,-25.1%,-98.8%,-98.7%,-97.8%,-98.4%,-97.5%,-94.5%,-72.2%,-97.1%,-96.4%,-75.1%,,4.0%,2.7%,0.7%,2.8%,0.8%,0.9%,1.4%,1.0%,1.1%,1.6%,2.6%,70.9%,,,,5,South Korea,"211,479","165,478","144,854","521,811","159,186","187,309","198,870","545,365","222,906","209,738","1,499,820","195,890","628,534","1,695,710",,3.7%,3.3%,2.3%,3.1%,2.3%,2.8%,3.1%,2.7%,2.9%,2.6%,2.8%,2.9%,2.8%,2.8%,62.3%,,,,,,,,,,,,,,,,,,,,
6,Brazil,"198,284","152,666","54,665","405,615",796,"2,822",470,"4,088",823,"1,863","412,389","1,781","4,467","414,170",,-12.5%,-5.3%,-67.9%,-27.3%,-99.5%,-98.4%,-99.7%,-99.2%,-99.5%,-98.8%,-70.4%,-98.9%,-99.1%,-73.3%,,3.4%,3.1%,1.7%,2.9%,0.3%,1.0%,0.1%,0.5%,0.2%,0.3%,2.6%,73.4%,,,,6,Brazil,"226,552","161,186","170,070","557,808","165,969","174,676","162,003","502,648","180,191","153,878","1,394,525","159,107","493,176","1,553,632",,3.9%,3.2%,2.7%,3.3%,2.4%,2.6%,2.6%,2.5%,2.3%,1.9%,2.6%,2.4%,2.2%,2.6%,65.0%,,,,,,,,,,,,,,,,,,,,
7,"China, PRC (excluding Hong Kong)","321,009","32,902","10,824","364,735",415,483,783,"1,681","1,024","2,401","369,841","2,007","5,432","371,848",,-5.7%,-84.1%,-94.4%,-50.7%,-99.8%,-99.8%,-99.7%,-99.8%,-99.7%,-99.4%,-82.4%,-99.2%,-99.4%,-84.2%,,5.5%,0.7%,0.3%,2.6%,0.2%,0.2%,0.2%,0.2%,0.2%,0.3%,2.3%,75.7%,,,,7,"China, PRC (excluding Hong Kong)","340,387","207,495","192,431","740,313","184,556","254,943","249,772","689,271","304,336","372,942","2,106,862","246,200","923,478","2,353,062",,5.9%,4.1%,3.1%,4.3%,2.6%,3.8%,3.9%,3.4%,3.9%,4.6%,4.0%,3.7%,4.1%,4.0%,69.0%,,,,,,,,,,,,,,,,,,,,
8,France,"95,331","146,514","38,123","279,968",324,389,699,"1,412","1,273","2,949","285,602","2,420","6,642","288,022",,0.2%,8.9%,-69.3%,-20.9%,-99.8%,-99.7%,-99.5%,-99.7%,-99.4%,-98.6%,-77.6%,-98.1%,-98.8%,-79.5%,,1.6%,2.9%,1.2%,2.0%,0.1%,0.1%,0.2%,0.2%,0.2%,0.4%,1.8%,77.5%,,,,8,France,"95,163","134,512","124,235","353,910","206,059","151,569","128,301","485,929","217,769","216,826","1,274,434","129,828","564,423","1,404,262",,1.6%,2.7%,2.0%,2.1%,2.9%,2.3%,2.0%,2.4%,2.8%,2.7%,2.4%,1.9%,2.5%,2.4%,71.4%,,,,,,,,,,,,,,,,,,,,
9,Germany,"101,542","118,671","52,913","273,126",485,569,906,"1,960","1,635","3,546","280,267","2,765","7,946","283,032",,-4.0%,5.3%,-66.5%,-27.5%,-99.8%,-99.7%,-99.5%,-99.6%,-99.2%,-98.2%,-78.9%,-98.7%,-98.7%,-81.7%,,1.8%,2.4%,1.7%,2.0%,0.2%,0.2%,0.3%,0.2%,0.3%,0.5%,1.7%,79.3%,,,,9,Germany,"105,789","112,731","158,033","376,553","201,306","186,002","166,960","554,268","201,021","198,550","1,330,392","218,054","617,625","1,548,446",,1.8%,2.2%,2.5%,2.2%,2.9%,2.8%,2.6%,2.8%,2.6%,2.4%,2.5%,3.2%,2.7%,2.6%,73.9%,,,,,,,,,,,,,,,,,,,,
10,India,"115,517","80,988","35,767","232,272","2,189","3,159","4,762","10,110","7,840","13,477","263,699","14,589","35,906","278,288",,4.6%,11.5%,-63.9%,-17.7%,-98.2%,-98.4%,-97.2%,-98.0%,-94.3%,-90.6%,-75.2%,-87.8%,-91.1%,-76.4%,,2.0%,1.6%,1.1%,1.7%,0.9%,1.2%,1.5%,1.2%,1.5%,1.8%,1.6%,80.9%,,,,10,India,"110,434","72,624","99,137","282,195","124,077","200,569","172,882","497,528","138,234","143,392","1,061,349","119,966","401,592","1,181,315",,1.9%,1.4%,1.6%,1.7%,1.8%,3.0%,2.7%,2.5%,1.8%,1.8%,2.0%,1.8%,1.8%,2.0%,75.9%,,,,,,,,,,,,,,,,,,,,
11,Australia,"100,531","65,459","32,650","198,640",606,490,778,"1,874","1,091","1,579","203,184","1,118","3,788","204,302",,-6.1%,1.1%,-59.1%,-21.0%,-99.4%,-99.6%,-99.4%,-99.5%,-99.1%,-98.7%,-76.2%,-99.2%,-99.0%,-79.6%,,1.7%,1.3%,1.0%,1.4%,0.2%,0.2%,0.2%,0.2%,0.2%,0.2%,1.3%,82.2%,,,,11,Australia,"107,009","64,747","79,752","251,508","109,646","125,402","125,834","360,882","124,444","118,256","855,090","148,393","391,093","1,003,483",,1.9%,1.3%,1.3%,1.5%,1.6%,1.9%,2.0%,1.8%,1.6%,1.5%,1.6%,2.2%,1.7%,1.7%,77.5%,,,,,,,,,,,,,,,,,,,,
12,Argentina,"67,695","62,777","21,542","152,014",90,263,639,992,"1,123","1,435","155,564","3,731","6,289","159,295",,-12.4%,-10.8%,-67.5%,-28.9%,-99.9%,-99.7%,-99.1%,-99.6%,-98.7%,-98.0%,-74.0%,-94.9%,-97.3%,-76.3%,,1.2%,1.3%,0.7%,1.1%,0.0%,0.1%,0.2%,0.1%,0.2%,0.2%,1.0%,83.1%,,,,12,Argentina,"77,251","70,393","66,184","213,828","76,015","80,195","70,299","226,509","87,491","71,212","599,040","72,955","231,658","671,995",,1.3%,1.4%,1.1%,1.3%,1.1%,1.2%,1.1%,1.1%,1.1%,0.9%,1.1%,1.1%,1.0%,1.1%,78.6%,,,,,,,,,,,,,,,,,,,,
13,Colombia,"58,384","51,583","25,268","135,235",132,253,486,871,886,"1,383","138,375","7,073","9,342","145,448",,-8.1%,2.4%,-60.6%,-24.1%,-99.9%,-99.7%,-99.5%,-99.7%,-98.9%,-98.1%,-77.4%,-89.4%,-95.7%,-78.5%,,1.0%,1.0%,0.8%,1.0%,0.1%,0.1%,0.1%,0.1%,0.2%,0.2%,0.9%,84.0%,,,,13,Colombia,"63,551","50,396","64,176","178,123","92,858","81,747","106,267","280,872","80,069","72,418","611,482","66,504","218,991","677,986",,1.1%,1.0%,1.0%,1.0%,1.3%,1.2%,1.7%,1.4%,1.0%,0.9%,1.2%,1.0%,1.0%,1.1%,79.8%,,,,,,,,,,,,,,,,,,,,
14,Spain,"54,619","55,187","22,493","132,299",219,416,684,"1,319","1,316","3,626","138,560","2,351","7,293","140,911",,8.6%,15.9%,-62.0%,-15.8%,-99.8%,-99.4%,-99.1%,-99.4%,-98.6%,-97.4%,-77.7%,-97.2%,-97.7%,-80.0%,,0.9%,1.1%,0.7%,0.9%,0.1%,0.2%,0.2%,0.2%,0.2%,0.5%,0.9%,84.9%,,,,14,Spain,"50,300","47,631","59,125","157,056","90,856","67,582","74,272","232,710","93,994","137,978","621,738","83,671","315,643","705,409",,0.9%,0.9%,1.0%,0.9%,1.3%,1.0%,1.2%,1.2%,1.2%,1.7%,1.2%,1.2%,1.4%,1.2%,81.0%,,,,,,,,,,,,,,,,,,,,
15,Italy,"61,686","54,686","10,503","126,875",250,338,569,"1,157",955,"1,984","130,971","1,944","4,883","132,915",,0.0%,0.1%,-84.8%,-31.6%,-99.8%,-99.6%,-99.4%,-99.6%,-99.1%,-98.9%,-82.5%,-97.6%,-98.7%,-84.0%,,1.1%,1.1%,0.3%,0.9%,0.1%,0.1%,0.2%,0.1%,0.2%,0.3%,0.8%,85.7%,,,,15,Italy,"61,663","54,626","69,066","185,355","112,498","76,047","88,381","276,926","108,939","177,740","748,960","80,398","367,077","829,358",,1.1%,1.1%,1.1%,1.1%,1.6%,1.1%,1.4%,1.4%,1.4%,2.2%,1.4%,1.2%,1.6%,1.4%,82.4%,,,,,,,,,,,,,,,,,,,,
16,Netherlands,"38,766","46,878","16,602","102,246",201,244,341,786,758,"1,287","105,077",939,"2,984","106,016",,1.2%,10.7%,-67.6%,-22.4%,-99.7%,-99.6%,-99.3%,-99.6%,-99.3%,-98.0%,-78.9%,-98.5%,-98.7%,-81.0%,,0.7%,0.9%,0.5%,0.7%,0.1%,0.1%,0.1%,0.1%,0.1%,0.2%,0.7%,86.3%,,,,16,Netherlands,"38,307","42,356","51,178","131,841","79,716","68,017","49,650","197,383","103,315","64,414","496,953","61,798","229,527","558,751",,0.7%,0.8%,0.8%,0.8%,1.1%,1.0%,0.8%,1.0%,1.3%,0.8%,0.9%,0.9%,1.0%,0.9%,83.3%,,,,,,,,,,,,,,,,,,,,
17,Ecuador,"17,790","37,786","18,998","74,574",98,176,"2,137","2,411","5,823","8,882","91,690","10,899","25,604","102,589",,3.1%,4.6%,-60.0%,-26.1%,-99.8%,-99.6%,-92.7%,-97.9%,-84.7%,-81.6%,-69.7%,-72.5%,-79.7%,-70.0%,,0.3%,0.8%,0.6%,0.5%,0.0%,0.1%,0.7%,0.3%,1.1%,1.2%,0.6%,86.9%,,,,17,Ecuador,"17,262","36,123","47,500","100,885","44,116","41,862","29,305","115,283","38,163","48,322","302,653","39,696","126,181","342,349",,0.3%,0.7%,0.8%,0.6%,0.6%,0.6%,0.5%,0.6%,0.5%,0.6%,0.6%,0.6%,0.6%,0.6%,83.9%,,,,,,,,,,,,,,,,,,,,
18,Dominican Republic,"21,835","24,616","11,610","58,061",75,156,263,494,"14,145","12,589","85,289","16,151","42,885","101,440",,-6.0%,2.9%,-57.3%,-21.9%,-99.8%,-99.6%,-99.5%,-99.6%,-74.6%,-71.3%,-71.6%,-58.3%,-69.0%,-70.1%,,0.4%,0.5%,0.4%,0.4%,0.0%,0.1%,0.1%,0.1%,2.6%,1.7%,0.5%,87.4%,,,,18,Dominican Republic,"23,238","23,912","27,192","74,342","40,794","36,604","49,418","126,816","55,797","43,807","300,762","38,701","138,305","339,463",,0.4%,0.5%,0.4%,0.4%,0.6%,0.6%,0.8%,0.6%,0.7%,0.5%,0.6%,0.6%,0.6%,0.6%,84.5%,,,,,,,,,,,,,,,,,,,,
19,Chile,"30,030","36,271","12,297","78,598",161,475,"1,067","1,703","1,512","3,419","85,232","6,584","11,515","91,816",,-4.0%,-5.4%,-49.5%,-16.4%,-99.4%,-98.7%,-96.5%,-98.2%,-96.3%,-88.7%,-67.4%,-83.5%,-89.6%,-69.5%,,0.5%,0.7%,0.4%,0.6%,0.1%,0.2%,0.3%,0.2%,0.3%,0.5%,0.5%,88.0%,,,,19,Chile,"31,292","38,349","24,343","93,984","28,682","37,595","30,153","96,430","41,122","30,129","261,665","39,821","111,072","301,486",,0.5%,0.8%,0.4%,0.6%,0.4%,0.6%,0.5%,0.5%,0.5%,0.4%,0.5%,0.6%,0.5%,0.5%,85.0%,,,,,,,,,,,,,,,,,,,,
20,Taiwan,"51,180","21,509","6,457","79,146",212,437,858,"1,507","1,406","3,120","85,179","1,913","6,439","87,092",,4.6%,-36.4%,-82.6%,-34.0%,-99.3%,-99.1%,-98.4%,-98.9%,-97.2%,-93.1%,-75.6%,-95.8%,-95.4%,-78.0%,,0.9%,0.4%,0.2%,0.6%,0.1%,0.2%,0.3%,0.2%,0.3%,0.4%,0.5%,88.5%,,,,20,Taiwan,"48,939","33,804","37,126","119,869","31,918","48,947","53,750","134,615","49,767","45,217","349,468","45,535","140,519","395,003",,0.8%,0.7%,0.6%,0.7%,0.5%,0.7%,0.8%,0.7%,0.6%,0.6%,0.7%,0.7%,0.6%,0.7%,85.6%,,,,,,,,,,,,,,,,,,,,
21,Ireland,"29,027","34,496","13,938","77,461",113,101,184,398,289,464,"78,612",352,"1,105","78,964",,5.2%,7.9%,-65.3%,-22.3%,-99.8%,-99.8%,-99.6%,-99.7%,-99.4%,-98.9%,-76.4%,-99.2%,-99.2%,-79.2%,,0.5%,0.7%,0.4%,0.6%,0.0%,0.0%,0.1%,0.0%,0.1%,0.1%,0.5%,89.0%,,,,21,Ireland,"27,591","31,956","40,163","99,710","51,315","44,352","50,420","146,087","46,537","41,398","333,732","45,928","133,863","379,660",,0.5%,0.6%,0.6%,0.6%,0.7%,0.7%,0.8%,0.7%,0.6%,0.5%,0.6%,0.7%,0.6%,0.6%,86.3%,,,,,,,,,,,,,,,,,,,,
22,Sweden,"27,699","32,065","10,183","69,947",115,116,157,388,298,953,"71,586",595,"1,846","72,181",,-12.0%,-9.6%,-71.9%,-32.2%,-99.8%,-99.7%,-99.6%,-99.7%,-99.2%,-96.3%,-75.3%,-98.2%,-98.0%,-77.6%,,0.5%,0.6%,0.3%,0.5%,0.0%,0.0%,0.0%,0.0%,0.1%,0.1%,0.4%,89.4%,,,,22,Sweden,"31,475","35,488","36,231","103,194","46,910","35,450","43,329","125,689","35,279","25,703","289,865","32,395","93,377","322,260",,0.5%,0.7%,0.6%,0.6%,0.7%,0.5%,0.7%,0.6%,0.5%,0.3%,0.5%,0.5%,0.4%,0.5%,86.8%,,,,,,,,,,,,,,,,,,,,
23,Israel,"26,199","26,284","6,573","59,056",215,504,"1,489","2,208","1,838","3,217","66,319","5,336","10,391","71,655",,3.4%,13.5%,-75.9%,-22.1%,-99.5%,-98.6%,-96.1%,-98.1%,-96.2%,-92.7%,-76.6%,-89.3%,-92.7%,-78.5%,,0.5%,0.5%,0.2%,0.4%,0.1%,0.2%,0.5%,0.3%,0.3%,0.4%,0.4%,89.9%,,,,23,Israel,"25,344","23,163","27,319","75,826","42,751","35,113","37,810","115,674","48,060","43,879","283,439","49,674","141,613","333,113",,0.4%,0.5%,0.4%,0.4%,0.6%,0.5%,0.6%,0.6%,0.6%,0.5%,0.5%,0.7%,0.6%,0.6%,87.3%,,,,,,,,,,,,,,,,,,,,
24,Costa Rica,"36,724","19,761","6,913","63,398",49,145,278,472,555,"1,138","65,563","2,555","4,248","68,118",,-0.1%,2.0%,-59.1%,-13.2%,-99.8%,-99.4%,-98.8%,-99.4%,-97.8%,-94.5%,-66.8%,-91.2%,-94.3%,-69.9%,,0.6%,0.4%,0.2%,0.5%,0.0%,0.1%,0.1%,0.1%,0.1%,0.2%,0.4%,90.3%,,,,24,Costa Rica,"36,779","19,369","16,904","73,052","31,120","23,535","23,834","78,489","25,344","20,656","197,541","29,046","75,046","226,587",,0.6%,0.4%,0.3%,0.4%,0.4%,0.4%,0.4%,0.4%,0.3%,0.3%,0.4%,0.4%,0.3%,0.4%,87.7%,,,,,,,,,,,,,,,,,,,,
25,Peru,"24,308","30,375","11,052","65,735",65,97,225,387,248,271,"66,641",335,854,"66,976",,1.2%,9.4%,-51.6%,-11.9%,-99.7%,-99.7%,-99.0%,-99.5%,-99.3%,-99.0%,-68.9%,-98.6%,-99.0%,-71.9%,,0.4%,0.6%,0.4%,0.5%,0.0%,0.0%,0.1%,0.0%,0.0%,0.0%,0.4%,90.7%,,,,25,Peru,"24,026","27,753","22,833","74,612","24,223","33,163","22,480","79,866","33,699","26,252","214,429","24,174","84,125","238,603",,0.4%,0.6%,0.4%,0.4%,0.3%,0.5%,0.4%,0.4%,0.4%,0.3%,0.4%,0.4%,0.4%,0.4%,88.1%,,,,,,,,,,,,,,,,,,,,
26,Switzerland,"23,927","26,970","8,392","59,289",67,120,245,432,299,636,"60,656",518,"1,453","61,174",,-3.5%,-1.3%,-72.5%,-28.3%,-99.9%,-99.7%,-99.3%,-99.7%,-99.5%,-98.3%,-80.5%,-98.8%,-99.0%,-82.8%,,0.4%,0.5%,0.3%,0.4%,0.0%,0.0%,0.1%,0.1%,0.1%,0.1%,0.4%,91.1%,,,,26,Switzerland,"24,783","27,318","30,556","82,657","53,634","41,435","34,588","129,657","62,208","37,228","311,750","43,128","142,564","354,878",,0.4%,0.5%,0.5%,0.5%,0.8%,0.6%,0.5%,0.6%,0.8%,0.5%,0.6%,0.6%,0.6%,0.6%,88.7%,,,,,,,,,,,,,,,,,,,,
27,Jamaica,"13,788","14,373","6,269","34,430",117,99,"2,520","2,736","8,103","6,332","51,601","4,858","19,293","56,459",,-1.6%,2.6%,-64.1%,-24.3%,-99.5%,-99.6%,-90.8%,-96.5%,-82.2%,-81.9%,-74.6%,-72.7%,-80.4%,-74.5%,,0.2%,0.3%,0.2%,0.2%,0.0%,0.0%,0.8%,0.3%,1.5%,0.9%,0.3%,91.4%,,,,27,Jamaica,"14,012","14,002","17,484","45,498","23,279","26,553","27,456","77,288","45,537","34,935","203,258","17,771","98,243","221,029",,0.2%,0.3%,0.3%,0.3%,0.3%,0.4%,0.4%,0.4%,0.6%,0.4%,0.4%,0.3%,0.4%,0.4%,89.1%,,,,,,,,,,,,,,,,,,,,
28,Venezuela,"21,574","20,257","10,513","52,344",114,222,421,757,799,"1,007","54,907","1,390","3,196","56,297",,-32.6%,-29.2%,-68.5%,-44.3%,-99.7%,-99.3%,-98.6%,-99.2%,-97.7%,-97.4%,-79.4%,-95.4%,-96.9%,-81.0%,,0.4%,0.4%,0.3%,0.4%,0.0%,0.1%,0.1%,0.1%,0.1%,0.1%,0.3%,91.7%,,,,28,Venezuela,"32,018","28,613","33,383","94,014","36,271","31,552","29,773","97,596","34,986","39,426","266,022","30,104","104,516","296,126",,0.6%,0.6%,0.5%,0.6%,0.5%,0.5%,0.5%,0.5%,0.5%,0.5%,0.5%,0.4%,0.5%,0.5%,89.6%,,,,,,,,,,,,,,,,,,,,
29,Russia,"20,137","14,924","7,914","42,975",121,433,785,"1,339",930,"2,255","47,499","2,599","5,784","50,098",,-1.1%,0.1%,-60.6%,-22.4%,-99.5%,-98.0%,-96.6%,-98.0%,-95.5%,-89.6%,-71.3%,-87.9%,-90.9%,-73.3%,,0.3%,0.3%,0.3%,0.3%,0.0%,0.2%,0.2%,0.2%,0.2%,0.3%,0.3%,92.0%,,,,29,Russia,"20,366","14,912","20,095","55,373","23,528","21,876","22,906","68,310","20,461","21,610","165,754","21,545","63,616","187,299",,0.4%,0.3%,0.3%,0.3%,0.3%,0.3%,0.4%,0.3%,0.3%,0.3%,0.3%,0.3%,0.3%,0.3%,89.9%,,,,,,,,,,,,,,,,,,,,
30,Bahamas,"18,050","17,630","7,880","43,560",68,149,606,823,"2,628","1,313","48,324","1,747","5,688","50,071",,24.5%,20.1%,-49.5%,-2.7%,-99.7%,-99.3%,-97.3%,-98.8%,-92.7%,-97.3%,-75.1%,-91.5%,-94.5%,-76.7%,,0.3%,0.4%,0.3%,0.3%,0.0%,0.1%,0.2%,0.1%,0.5%,0.2%,0.3%,92.3%,,,,30,Bahamas,"14,495","14,681","15,605","44,781","21,930","21,871","22,077","65,878","35,814","47,906","194,379","20,559","104,279","214,938",,0.3%,0.3%,0.3%,0.3%,0.3%,0.3%,0.3%,0.3%,0.5%,0.6%,0.4%,0.3%,0.5%,0.4%,90.3%,,,,,,,,,,,,,,,,,,,,
31,Denmark,"17,043","21,829","6,977","45,849",34,31,100,165,162,420,"46,596",391,973,"46,987",,-8.3%,-9.4%,-69.9%,-30.4%,-99.9%,-99.9%,-99.6%,-99.8%,-99.6%,-97.9%,-77.9%,-98.5%,-98.9%,-80.2%,,0.3%,0.4%,0.2%,0.3%,0.0%,0.0%,0.0%,0.0%,0.0%,0.1%,0.3%,92.6%,,,,31,Denmark,"18,581","24,096","23,161","65,838","34,292","23,181","24,169","81,642","43,031","20,284","210,795","25,987","89,302","236,782",,0.3%,0.5%,0.4%,0.4%,0.5%,0.3%,0.4%,0.4%,0.6%,0.2%,0.4%,0.4%,0.4%,0.4%,90.7%,,,,,,,,,,,,,,,,,,,,
32,Poland,"18,837","19,231","6,649","44,717",71,133,205,409,357,746,"46,229",581,"1,684","46,810",,26.3%,54.2%,-50.8%,9.3%,-99.7%,-99.3%,-99.2%,-99.4%,-98.4%,-96.9%,-69.9%,-97.4%,-97.5%,-73.4%,,0.3%,0.4%,0.2%,0.3%,0.0%,0.0%,0.1%,0.0%,0.1%,0.1%,0.3%,92.9%,,,,32,Poland,"14,914","12,471","13,522","40,907","21,448","20,016","24,780","66,244","22,182","24,262","153,595","22,094","68,538","175,689",,0.3%,0.2%,0.2%,0.2%,0.3%,0.3%,0.4%,0.3%,0.3%,0.3%,0.3%,0.3%,0.3%,0.3%,91.0%,,,,,,,,,,,,,,,,,,,,
33,Guatemala,"15,857","15,767","7,666","39,290",38,87,305,430,859,"1,758","42,337","3,369","5,986","45,706",,0.5%,-1.8%,-55.3%,-19.8%,-99.8%,-99.6%,-98.9%,-99.4%,-95.4%,-91.0%,-73.8%,-83.7%,-89.9%,-74.9%,,0.3%,0.3%,0.2%,0.3%,0.0%,0.0%,0.1%,0.1%,0.2%,0.2%,0.3%,93.2%,,,,33,Guatemala,"15,776","16,054","17,143","48,973","24,595","22,947","26,615","74,157","18,823","19,537","161,490","20,638","58,998","182,128",,0.3%,0.3%,0.3%,0.3%,0.4%,0.3%,0.4%,0.4%,0.2%,0.2%,0.3%,0.3%,0.3%,0.3%,91.3%,,,,,,,,,,,,,,,,,,,,
34,Belgium,"15,716","20,189","6,116","42,021",48,62,132,242,227,524,"43,014",419,"1,170","43,433",,2.1%,22.8%,-72.8%,-22.6%,-99.9%,-99.7%,-99.5%,-99.7%,-99.4%,-98.0%,-78.7%,-98.4%,-98.7%,-81.0%,,0.3%,0.4%,0.2%,0.3%,0.0%,0.0%,0.0%,0.0%,0.0%,0.1%,0.3%,93.4%,,,,34,Belgium,"15,397","16,444","22,475","54,316","34,702","23,344","24,055","82,101","39,026","26,583","202,026","26,765","92,374","228,791",,0.3%,0.3%,0.4%,0.3%,0.5%,0.4%,0.4%,0.4%,0.5%,0.3%,0.4%,0.4%,0.4%,0.4%,91.7%,,,,,,,,,,,,,,,,,,,,
35,Panama,"16,725","20,161","3,667","40,553",14,61,114,189,409,943,"42,094","1,158","2,510","43,252",,-10.4%,0.7%,-76.6%,-25.4%,-99.9%,-99.6%,-99.2%,-99.6%,-97.1%,-93.4%,-67.1%,-91.6%,-94.0%,-69.5%,,0.3%,0.4%,0.1%,0.3%,0.0%,0.0%,0.0%,0.0%,0.1%,0.1%,0.3%,93.7%,,,,35,Panama,"18,658","20,011","15,664","54,333","14,687","16,465","14,178","45,330","13,873","14,395","127,931","13,848","42,116","141,779",,0.3%,0.4%,0.3%,0.3%,0.2%,0.2%,0.2%,0.2%,0.2%,0.2%,0.2%,0.2%,0.2%,0.2%,91.9%,,,,,,,,,,,,,,,,,,,,
36,Honduras,"14,131","11,816","5,960","31,907",66,125,223,414,473,"3,111","35,905","6,313","9,897","42,218",,5.5%,10.9%,-52.5%,-12.8%,-99.6%,-99.3%,-98.9%,-99.3%,-97.8%,-83.3%,-73.3%,-67.3%,-83.3%,-72.6%,,0.2%,0.2%,0.2%,0.2%,0.0%,0.0%,0.1%,0.0%,0.1%,0.4%,0.2%,93.9%,,,,36,Honduras,"13,396","10,653","12,541","36,590","18,332","18,758","21,017","58,107","21,270","18,612","134,579","19,291","59,173","153,870",,0.2%,0.2%,0.2%,0.2%,0.3%,0.3%,0.3%,0.3%,0.3%,0.2%,0.3%,0.3%,0.3%,0.3%,92.2%,,,,,,,,,,,,,,,,,,,,
37,New Zealand,"19,835","11,994","7,322","39,151",200,292,499,991,575,846,"41,563",590,"2,011","42,153",,1.7%,-3.2%,-53.4%,-17.8%,-99.2%,-99.0%,-98.3%,-98.8%,-98.5%,-97.2%,-79.2%,-98.3%,-98.0%,-82.0%,,0.3%,0.2%,0.2%,0.3%,0.1%,0.1%,0.2%,0.1%,0.1%,0.1%,0.3%,94.2%,,,,37,New Zealand,"19,511","12,391","15,720","47,622","26,158","28,646","29,536","84,340","37,421","30,613","199,996","34,166","102,200","234,162",,0.3%,0.2%,0.3%,0.3%,0.4%,0.4%,0.5%,0.4%,0.5%,0.4%,0.4%,0.5%,0.5%,0.4%,92.5%,,,,,,,,,,,,,,,,,,,,
38,Norway,"14,272","19,855","5,965","40,092",38,45,73,156,172,697,"41,117",296,"1,165","41,413",,-11.6%,-11.6%,-72.3%,-33.4%,-99.9%,-99.8%,-99.8%,-99.8%,-99.5%,-95.2%,-77.8%,-98.8%,-98.3%,-80.2%,,0.2%,0.4%,0.2%,0.3%,0.0%,0.0%,0.0%,0.0%,0.0%,0.1%,0.3%,94.4%,,,,38,Norway,"16,142","22,467","21,555","60,164","29,473","18,246","30,541","78,260","32,048","14,585","185,057","23,746","70,379","208,803",,0.3%,0.4%,0.3%,0.4%,0.4%,0.3%,0.5%,0.4%,0.4%,0.2%,0.4%,0.4%,0.3%,0.4%,92.9%,,,,,,,,,,,,,,,,,,,,
39,Turkey,"18,363","10,333","4,553","33,249",23,55,505,583,"1,272","2,488","37,592","2,499","6,259","40,091",,10.9%,3.9%,-62.1%,-13.7%,-99.8%,-99.7%,-97.3%,-98.8%,-90.0%,-85.1%,-67.7%,-82.2%,-85.6%,-69.3%,,0.3%,0.2%,0.1%,0.2%,0.0%,0.0%,0.2%,0.1%,0.2%,0.3%,0.2%,94.7%,,,,39,Turkey,"16,556","9,947","12,009","38,512","13,631","16,235","18,637","48,503","12,673","16,644","116,332","14,064","43,381","130,396",,0.3%,0.2%,0.2%,0.2%,0.2%,0.2%,0.3%,0.2%,0.2%,0.2%,0.2%,0.2%,0.2%,0.2%,93.1%,,,,,,,,,,,,,,,,,,,,
40,Philippines,"14,585","14,166","6,164","34,915",197,376,650,"1,223","1,016","1,073","38,227","1,063","3,152","39,290",,0.7%,-1.9%,-69.8%,-29.2%,-99.4%,-98.9%,-98.2%,-98.8%,-96.6%,-95.8%,-81.7%,-95.6%,-96.0%,-83.1%,,0.3%,0.3%,0.2%,0.3%,0.1%,0.1%,0.2%,0.1%,0.2%,0.1%,0.2%,94.9%,,,,40,Philippines,"14,490","14,435","20,403","49,328","33,059","35,732","35,234","104,025","29,635","25,513","208,501","24,122","79,270","232,623",,0.3%,0.3%,0.3%,0.3%,0.5%,0.5%,0.6%,0.5%,0.4%,0.3%,0.4%,0.4%,0.4%,0.4%,93.5%,,,,,,,,,,,,,,,,,,,,
41,El Salvador,"10,803","12,933","5,928","29,664",55,65,112,232,181,293,"30,370","2,139","2,613","32,509",,9.9%,9.4%,-58.3%,-17.3%,-99.7%,-99.7%,-99.5%,-99.6%,-99.1%,-98.4%,-78.3%,-89.1%,-95.4%,-79.6%,,0.2%,0.3%,0.2%,0.2%,0.0%,0.0%,0.0%,0.0%,0.0%,0.0%,0.2%,95.1%,,,,41,El Salvador,"9,829","11,818","14,232","35,879","20,346","23,615","22,172","66,133","19,861","17,875","139,748","19,555","57,291","159,303",,0.2%,0.2%,0.2%,0.2%,0.3%,0.4%,0.4%,0.3%,0.3%,0.2%,0.3%,0.3%,0.3%,0.3%,93.8%,,,,,,,,,,,,,,,,,,,,
42,Haiti,"6,628","7,936","4,491","19,055",44,43,451,538,"3,695","3,706","26,994","3,912","11,313","30,906",,-5.5%,8.5%,-54.7%,-21.4%,-99.5%,-99.6%,-96.2%,-98.4%,-77.6%,-70.8%,-68.7%,-52.1%,-69.7%,-67.3%,,0.1%,0.2%,0.1%,0.1%,0.0%,0.0%,0.1%,0.1%,0.7%,0.5%,0.2%,95.3%,,,,42,Haiti,"7,013","7,312","9,907","24,232","8,988","12,150","11,750","32,888","16,504","12,699","86,323","8,164","37,367","94,487",,0.1%,0.1%,0.2%,0.1%,0.1%,0.2%,0.2%,0.2%,0.2%,0.2%,0.2%,0.1%,0.2%,0.2%,93.9%,,,,,,,,,,,,,,,,,,,,
43,Austria,"11,086","12,889","4,304","28,279",28,47,113,188,195,436,"29,098",372,"1,003","29,470",,-1.9%,-3.8%,-68.4%,-26.2%,-99.9%,-99.8%,-99.2%,-99.7%,-99.2%,-97.8%,-78.7%,-97.9%,-98.4%,-80.9%,,0.2%,0.3%,0.1%,0.2%,0.0%,0.0%,0.0%,0.0%,0.0%,0.1%,0.2%,95.4%,,,,43,Austria,"11,297","13,400","13,619","38,316","21,348","18,905","14,233","54,486","23,563","19,938","136,303","17,739","61,240","154,042",,0.2%,0.3%,0.2%,0.2%,0.3%,0.3%,0.2%,0.3%,0.3%,0.2%,0.3%,0.3%,0.3%,0.3%,94.2%,,,,,,,,,,,,,,,,,,,,
44,Finland,"10,252","13,444","4,425","28,121",15,22,51,88,69,249,"28,527",133,451,"28,660",,-9.6%,-3.3%,-66.2%,-26.7%,-99.9%,-99.8%,-99.6%,-99.8%,-99.3%,-96.7%,-69.5%,-98.6%,-98.3%,-72.3%,,0.2%,0.3%,0.1%,0.2%,0.0%,0.0%,0.0%,0.0%,0.0%,0.0%,0.2%,95.6%,,,,44,Finland,"11,341","13,906","13,110","38,357","12,692","11,573","14,072","38,337","9,361","7,577","93,632","9,752","26,690","103,384",,0.2%,0.3%,0.2%,0.2%,0.2%,0.2%,0.2%,0.2%,0.1%,0.1%,0.2%,0.1%,0.1%,0.2%,94.4%,,,,,,,,,,,,,,,,,,,,
45,Saudi Arabia,"16,704","4,921","2,442","24,067",35,66,96,197,210,"1,833","26,307","1,193","3,236","27,500",,-10.5%,-9.3%,-72.5%,-27.0%,-99.6%,-99.5%,-99.6%,-99.6%,-99.1%,-92.8%,-79.3%,-86.9%,-94.4%,-79.8%,,0.3%,0.1%,0.1%,0.2%,0.0%,0.0%,0.0%,0.0%,0.0%,0.2%,0.2%,95.8%,,,,45,Saudi Arabia,"18,668","5,427","8,896","32,991","8,778","12,357","24,171","45,306","23,337","25,461","127,095","9,098","57,896","136,193",,0.3%,0.1%,0.1%,0.2%,0.1%,0.2%,0.4%,0.2%,0.3%,0.3%,0.2%,0.1%,0.3%,0.2%,94.6%,,,,,,,,,,,,,,,,,,,,
46,Singapore,"12,516","7,930","2,836","23,282",45,97,222,364,235,594,"24,475",326,"1,155","24,801",,-3.0%,-18.5%,-79.2%,-35.8%,-99.7%,-99.5%,-98.9%,-99.3%,-98.3%,-95.9%,-79.1%,-97.9%,-97.4%,-81.3%,,0.2%,0.2%,0.1%,0.2%,0.0%,0.0%,0.1%,0.0%,0.0%,0.1%,0.2%,95.9%,,,,46,Singapore,"12,903","9,729","13,615","36,247","13,464","19,218","19,901","52,583","13,744","14,582","117,156","15,471","43,797","132,627",,0.2%,0.2%,0.2%,0.2%,0.2%,0.3%,0.3%,0.3%,0.2%,0.2%,0.2%,0.2%,0.2%,0.2%,94.8%,,,,,,,,,,,,,,,,,,,,
47,Portugal,"9,300","9,765","3,239","22,304",50,88,81,219,152,427,"23,102",303,882,"23,405",,3.7%,18.1%,-69.1%,-19.5%,-99.7%,-99.3%,-99.3%,-99.5%,-98.9%,-97.7%,-77.6%,-97.6%,-98.0%,-79.8%,,0.2%,0.2%,0.1%,0.2%,0.0%,0.0%,0.0%,0.0%,0.0%,0.1%,0.1%,96.1%,,,,47,Portugal,"8,972","8,265","10,478","27,715","18,792","11,880","12,452","43,124","13,737","18,744","103,320","12,428","44,909","115,748",,0.2%,0.2%,0.2%,0.2%,0.3%,0.2%,0.2%,0.2%,0.2%,0.2%,0.2%,0.2%,0.2%,0.2%,95.0%,,,,,,,,,,,,,,,,,,,,
48,Trinidad And Tobago,"9,234","9,537","3,263","22,034",7,15,48,70,75,281,"22,460",143,499,"22,603",,7.8%,18.0%,-70.4%,-20.3%,-100.0%,-99.9%,-99.7%,-99.8%,-99.6%,-98.9%,-81.3%,-99.0%,-99.2%,-83.2%,,0.2%,0.2%,0.1%,0.2%,0.0%,0.0%,0.0%,0.0%,0.0%,0.0%,0.1%,96.2%,,,,48,Trinidad And Tobago,"8,564","8,080","11,017","27,661","14,931","15,101","16,503","46,535","21,170","24,697","120,063","14,100","59,967","134,163",,0.1%,0.2%,0.2%,0.2%,0.2%,0.2%,0.3%,0.2%,0.3%,0.3%,0.2%,0.2%,0.3%,0.2%,95.3%,,,,,,,,,,,,,,,,,,,,
49,South Africa,"8,879","6,721","3,679","19,279",86,233,391,710,537,677,"21,203",604,"1,818","21,807",,8.4%,14.7%,-60.4%,-17.4%,-99.2%,-97.8%,-97.5%,-98.1%,-95.4%,-93.8%,-74.4%,-94.8%,-94.7%,-76.9%,,0.2%,0.1%,0.1%,0.1%,0.0%,0.1%,0.1%,0.1%,0.1%,0.1%,0.1%,96.4%,,,,49,South Africa,"8,190","5,862","9,288","23,340","10,549","10,414","15,938","36,901","11,750","10,938","82,929","11,569","34,257","94,498",,0.1%,0.1%,0.1%,0.1%,0.2%,0.2%,0.3%,0.2%,0.2%,0.1%,0.2%,0.2%,0.2%,0.2%,95.4%,,,,,,,,,,,,,,,,,,,,
50,Hong Kong,"12,455","5,514","1,969","19,938",58,98,151,307,316,691,"21,252",442,"1,449","21,694",,14.3%,-41.5%,-80.1%,-34.0%,-99.5%,-99.4%,-99.1%,-99.3%,-98.3%,-95.4%,-80.4%,-96.9%,-96.9%,-82.3%,,0.2%,0.1%,0.1%,0.1%,0.0%,0.0%,0.0%,0.0%,0.1%,0.1%,0.1%,96.5%,,,,50,Hong Kong,"10,900","9,430","9,901","30,231","12,322","15,743","16,653","44,718","18,450","14,903","108,302","14,094","47,447","122,396",,0.2%,0.2%,0.2%,0.2%,0.2%,0.2%,0.3%,0.2%,0.2%,0.2%,0.2%,0.2%,0.2%,0.2%,95.6%,,,,,,,,,,,,,,,,,,,,
51,Ukraine,"8,173","5,827","3,030","17,030",124,123,219,466,935,"1,724","20,155","1,492","4,151","21,647",,6.6%,-1.9%,-55.9%,-16.8%,-98.4%,-98.5%,-97.5%,-98.1%,-86.8%,-77.4%,-66.2%,-80.0%,-81.3%,-67.7%,,0.1%,0.1%,0.1%,0.1%,0.0%,0.0%,0.1%,0.1%,0.2%,0.2%,0.1%,96.6%,,,,51,Ukraine,"7,667","5,940","6,866","20,473","7,543","8,096","8,785","24,424","7,089","7,643","59,629","7,454","22,186","67,083",,0.1%,0.1%,0.1%,0.1%,0.1%,0.1%,0.1%,0.1%,0.1%,0.1%,0.1%,0.1%,0.1%,0.1%,95.7%,,,,,,,,,,,,,,,,,,,,
52,Pakistan,"6,723","5,502","3,122","15,347",104,118,340,562,"1,024","1,726","18,659","1,812","4,562","20,471",,13.2%,33.9%,-50.6%,-6.2%,-98.3%,-98.2%,-97.7%,-98.0%,-91.5%,-82.3%,-71.7%,-76.9%,-84.6%,-72.3%,,0.1%,0.1%,0.1%,0.1%,0.0%,0.0%,0.1%,0.1%,0.2%,0.2%,0.1%,96.7%,,,,52,Pakistan,"5,941","4,109","6,320","16,370","6,162","6,695","14,930","27,787","12,104","9,752","66,013","7,828","29,684","73,841",,0.1%,0.1%,0.1%,0.1%,0.1%,0.1%,0.2%,0.1%,0.2%,0.1%,0.1%,0.1%,0.1%,0.1%,95.9%,,,,,,,,,,,,,,,,,,,,
,,,,,,,,,,,,,,,,,,,,,,,,,,,,,,,,,,,,,,,,,,,,,,,,,,,,,,,,,,,,,,,,,,,,,,,,,,,,,,,,,,,,,,,,,,,,,,,,,,
,"Sources: U.S. Department of Commerce, ITA, I&A, National Travel and Tourism Office (NTTO) I-94 Program, Statistics Canada, and Instituto Nacional de Estadística y Geografía/INEGI (Banco de Mexico). ",,,,,,,,,,,,,,,,,,,,,,,,,,,,,,,,,,,,,,,,,,,,,,,"Sources: U.S. Department of Commerce, ITA, I&A, National Travel and Tourism Office (NTTO) I-94 Program, Statistics Canada, and Instituto Nacional de Estadística y Geografía/INEGI (Banco de Mexico). ",,,,,,,,,,,,,,,,,,,,,,,,,,,,,,,,,,,,,,,,,,,,,,,,,,
,P = Preliminary data,,,,,,,,,,,,,,,,,,,,,,,,,,,,,,,,,,,,,,,,,,,,,,,R = Revised data,,,,,,,,,,,,,,,,,,,,,,,,,,,,,,,,,,,,,,,,,,,,,,,,,,
,,,,,,,,,,,,,,,,,,,,,,,,,,,,,,,,,,,,,,,,,,,,,,,,,,,,,,,,,,,,,,,,,,,,,,,,,,,,,,,,,,,,,,,,,,,,,,,,,,
,Released: October 2020 ,,,,,,,,,,,,,,,,,,,,,,,,,,,,,,,,,,,,,,,,,,,,,,,Released: October 2020 ,,,,,,,,,,,,,,,,,,,,,,,,,,,,,,,,,,,,,,,,,,,,,,,,,,
,,,,,,,,,,,,,,,,,,,,,,,,,,,,,,,,,,,,,,,,,,,,,,,,,,,,,,,,,,,,,,,,,,,,,,,,,,,,,,,,,,,,,,,,,,,,,,,,,,
,,,,,,,,,,,,,,,,,,,,,,,,,,,,,,,,,,,,,,,,,,,,,,,,,,,,,,,,,,,,,,,,,,,,,,,,,,,,,,,,,,,,,,,,,,,,,,,,,,
,,,,,,,,,,,,,,,,,,,,,,,,,,,,,,,,,,,,,,,,,,,,,,,,,,,,,,,,,,,,,,,,,,,,,,,,,,,,,,,,,,,,,,,,,,,,,,,,,,
,,,,,,,,,,,,,,,,,,,,,,,,,,,,,,,,,,,,,,,,,,,,,,,,,,,,,,,,,,,,,,,,,,,,,,,,,,,,,,,,,,,,,,,,,,,,,,,,,,
,,,,,,,,,,,,,,,,,,,,,,,,,,,,,,,,,,,,,,,,,,,,,,,,,,,,,,,,,,,,,,,,,,,,,,,,,,,,,,,,,,,,,,,,,,,,,,,,,,
,,,,,,,,,,,,,,,,,,,,,,,,,,,,,,,,,,,,,,,,,,,,,,,,,,,,,,,,,,,,,,,,,,,,,,,,,,,,,,,,,,,,,,,,,,,,,,,,,,
,,,,,,,,,,,,,,,,,,,,,,,,,,,,,,,,,,,,,,,,,,,,,,,,,,,,,,,,,,,,,,,,,,,,,,,,,,,,,,,,,,,,,,,,,,,,,,,,,,
,,,,,,,,,,,,,,,,,,,,,,,,,,,,,,,,,,,,,,,,,,,,,,,,,,,,,,,,,,,,,,,,,,,,,,,,,,,,,,,,,,,,,,,,,,,,,,,,,,
,,,,,,,,,,,,,,,,,,,,,,,,,,,,,,,,,,,,,,,,,,,,,,,,,,,,,,,,,,,,,,,,,,,,,,,,,,,,,,,,,,,,,,,,,,,,,,,,,,
,,,,,,,,,,,,,,,,,,,,,,,,,,,,,,,,,,,,,,,,,,,,,,,,,,,,,,,,,,,,,,,,,,,,,,,,,,,,,,,,,,,,,,,,,,,,,,,,,,
,,,,,,,,,,,,,,,,,,,,,,,,,,,,,,,,,,,,,,,,,,,,,,,,,,,,,,,,,,,,,,,,,,,,,,,,,,,,,,,,,,,,,,,,,,,,,,,,,,
,,,,,,,,,,,,,,,,,,,,,,,,,,,,,,,,,,,,,,,,,,,,,,,,,,,,,,,,,,,,,,,,,,,,,,,,,,,,,,,,,,,,,,,,,,,,,,,,,,
,,,,,,,,,,,,,,,,,,,,,,,,,,,,,,,,,,,,,,,,,,,,,,,,,,,,,,,,,,,,,,,,,,,,,,,,,,,,,,,,,,,,,,,,,,,,,,,,,,
,,,,,,,,,,,,,,,,,,,,,,,,,,,,,,,,,,,,,,,,,,,,,,,,,,,,,,,,,,,,,,,,,,,,,,,,,,,,,,,,,,,,,,,,,,,,,,,,,,
,,,,,,,,,,,,,,,,,,,,,,,,,,,,,,,,,,,,,,,,,,,,,,,,,,,,,,,,,,,,,,,,,,,,,,,,,,,,,,,,,,,,,,,,,,,,,,,,,,
,,,,,,,,,,,,,,,,,,,,,,,,,,,,,,,,,,,,,,,,,,,,,,,,,,,,,,,,,,,,,,,,,,,,,,,,,,,,,,,,,,,,,,,,,,,,,,,,,,
,,,,,,,,,,,,,,,,,,,,,,,,,,,,,,,,,,,,,,,,,,,,,,,,,,,,,,,,,,,,,,,,,,,,,,,,,,,,,,,,,,,,,,,,,,,,,,,,,,
,,,,,,,,,,,,,,,,,,,,,,,,,,,,,,,,,,,,,,,,,,,,,,,,,,,,,,,,,,,,,,,,,,,,,,,,,,,,,,,,,,,,,,,,,,,,,,,,,,
